Name;Date;Station;Transect;Project Name;Aux4;Aux5;Height (cm);Latitude;Longitude;Depth;Camera;Photographer;Water quality;Strobes;Framing gear used;White balance card;Comments;Row;Column;Label
MB28-T1-01.JPG;12/13/2022;1208;T1;MERMAID Reef Survey;;;;;;;;;;;;;;245;1016;SND
MB28-T1-01.JPG;12/13/2022;1208;T1;MERMAID Reef Survey;;;;;;;;;;;;;;548;3271;acr
MB28-T1-01.JPG;12/13/2022;1208;T1;MERMAID Reef Survey;;;;;;;;;;;;;;376;3085;acr
MB28-T1-01.JPG;12/13/2022;1208;T1;MERMAID Reef Survey;;;;;;;;;;;;;;51;3530;acr
MB28-T1-01.JPG;12/13/2022;1208;T1;MERMAID Reef Survey;;;;;;;;;;;;;;478;3059;acr
MB28-T1-01.JPG;12/13/2022;1208;T1;MERMAID Reef Survey;;;;;;;;;;;;;;152;3540;acr
MB28-T1-01.JPG;12/13/2022;1208;T1;MERMAID Reef Survey;;;;;;;;;;;;;;153;3282;acr
MB28-T1-01.JPG;12/13/2022;1208;T1;MERMAID Reef Survey;;;;;;;;;;;;;;1260;923;acr
MB28-T1-01.JPG;12/13/2022;1208;T1;MERMAID Reef Survey;;;;;;;;;;;;;;1392;2661;SND
MB28-T1-01.JPG;12/13/2022;1208;T1;MERMAID Reef Survey;;;;;;;;;;;;;;1127;3428;SND
MB28-T1-01.JPG;12/13/2022;1208;T1;MERMAID Reef Survey;;;;;;;;;;;;;;2116;52;SND
MB28-T1-01.JPG;12/13/2022;1208;T1;MERMAID Reef Survey;;;;;;;;;;;;;;1473;874;SND
MB28-T1-01.JPG;12/13/2022;1208;T1;MERMAID Reef Survey;;;;;;;;;;;;;;2029;1974;SND
MB28-T1-01.JPG;12/13/2022;1208;T1;MERMAID Reef Survey;;;;;;;;;;;;;;2088;2262;SND
MB28-T1-01.JPG;12/13/2022;1208;T1;MERMAID Reef Survey;;;;;;;;;;;;;;2592;496;SND
MB28-T1-01.JPG;12/13/2022;1208;T1;MERMAID Reef Survey;;;;;;;;;;;;;;2340;1056;SC
MB28-T1-01.JPG;12/13/2022;1208;T1;MERMAID Reef Survey;;;;;;;;;;;;;;2338;919;SC
MB28-T1-01.JPG;12/13/2022;1208;T1;MERMAID Reef Survey;;;;;;;;;;;;;;2538;2077;SC
MB28-T1-01.JPG;12/13/2022;1208;T1;MERMAID Reef Survey;;;;;;;;;;;;;;2807;3319;ACOR
MB28-T1-01.JPG;12/13/2022;1208;T1;MERMAID Reef Survey;;;;;;;;;;;;;;2290;3227;ACOR
MB28-T1-01.JPG;12/13/2022;1208;T1;MERMAID Reef Survey;;;;;;;;;;;;;;2238;3229;ACOR
MB28-T1-01.JPG;12/13/2022;1208;T1;MERMAID Reef Survey;;;;;;;;;;;;;;3113;226;SND
MB28-T1-01.JPG;12/13/2022;1208;T1;MERMAID Reef Survey;;;;;;;;;;;;;;3365;770;SND
MB28-T1-01.JPG;12/13/2022;1208;T1;MERMAID Reef Survey;;;;;;;;;;;;;;3034;1483;SND
MB28-T1-01.JPG;12/13/2022;1208;T1;MERMAID Reef Survey;;;;;;;;;;;;;;3296;2448;porB
MB28-T1-02.JPG;12/13/2022;1208;T1;MERMAID Reef Survey;;;;;;;;;;;;;;576;1268;porB
MB28-T1-02.JPG;12/13/2022;1208;T1;MERMAID Reef Survey;;;;;;;;;;;;;;661;1153;porB
MB28-T1-02.JPG;12/13/2022;1208;T1;MERMAID Reef Survey;;;;;;;;;;;;;;109;2986;porB
MB28-T1-02.JPG;12/13/2022;1208;T1;MERMAID Reef Survey;;;;;;;;;;;;;;823;397;porM
MB28-T1-02.JPG;12/13/2022;1208;T1;MERMAID Reef Survey;;;;;;;;;;;;;;771;388;porM
MB28-T1-02.JPG;12/13/2022;1208;T1;MERMAID Reef Survey;;;;;;;;;;;;;;1277;708;porM
MB28-T1-02.JPG;12/13/2022;1208;T1;MERMAID Reef Survey;;;;;;;;;;;;;;1313;1830;porM
MB28-T1-02.JPG;12/13/2022;1208;T1;MERMAID Reef Survey;;;;;;;;;;;;;;1056;3333;AMAC
MB28-T1-02.JPG;12/13/2022;1208;T1;MERMAID Reef Survey;;;;;;;;;;;;;;1102;3513;AMAC
MB28-T1-02.JPG;12/13/2022;1208;T1;MERMAID Reef Survey;;;;;;;;;;;;;;1719;594;AMAC
MB28-T1-02.JPG;12/13/2022;1208;T1;MERMAID Reef Survey;;;;;;;;;;;;;;1505;540;AMAC
MB28-T1-02.JPG;12/13/2022;1208;T1;MERMAID Reef Survey;;;;;;;;;;;;;;2099;829;AMAC
MB28-T1-02.JPG;12/13/2022;1208;T1;MERMAID Reef Survey;;;;;;;;;;;;;;1723;2720;AMAC
MB28-T1-02.JPG;12/13/2022;1208;T1;MERMAID Reef Survey;;;;;;;;;;;;;;1965;3376;INV
MB28-T1-02.JPG;12/13/2022;1208;T1;MERMAID Reef Survey;;;;;;;;;;;;;;1422;3182;INV
MB28-T1-02.JPG;12/13/2022;1208;T1;MERMAID Reef Survey;;;;;;;;;;;;;;2393;122;INV
MB28-T1-02.JPG;12/13/2022;1208;T1;MERMAID Reef Survey;;;;;;;;;;;;;;2638;1143;INV
MB28-T1-02.JPG;12/13/2022;1208;T1;MERMAID Reef Survey;;;;;;;;;;;;;;2598;2019;INV
MB28-T1-02.JPG;12/13/2022;1208;T1;MERMAID Reef Survey;;;;;;;;;;;;;;2263;2495;INV
MB28-T1-02.JPG;12/13/2022;1208;T1;MERMAID Reef Survey;;;;;;;;;;;;;;2825;2601;SGR
MB28-T1-02.JPG;12/13/2022;1208;T1;MERMAID Reef Survey;;;;;;;;;;;;;;3378;330;SGR
MB28-T1-02.JPG;12/13/2022;1208;T1;MERMAID Reef Survey;;;;;;;;;;;;;;3466;1338;SGR
MB28-T1-02.JPG;12/13/2022;1208;T1;MERMAID Reef Survey;;;;;;;;;;;;;;3069;830;SGR
MB28-T1-02.JPG;12/13/2022;1208;T1;MERMAID Reef Survey;;;;;;;;;;;;;;2944;1616;SGR
MB28-T1-02.JPG;12/13/2022;1208;T1;MERMAID Reef Survey;;;;;;;;;;;;;;3537;2905;SGR
MB28-T1-03.JPG;12/13/2022;1208;T1;MERMAID Reef Survey;;;;;;;;;;;;;;199;429;SGR
MB28-T1-03.JPG;12/13/2022;1208;T1;MERMAID Reef Survey;;;;;;;;;;;;;;130;1400;SGR
MB28-T1-03.JPG;12/13/2022;1208;T1;MERMAID Reef Survey;;;;;;;;;;;;;;88;991;SGR
MB28-T1-03.JPG;12/13/2022;1208;T1;MERMAID Reef Survey;;;;;;;;;;;;;;421;2749;SGR
MB28-T1-03.JPG;12/13/2022;1208;T1;MERMAID Reef Survey;;;;;;;;;;;;;;163;2279;SND
MB28-T1-03.JPG;12/13/2022;1208;T1;MERMAID Reef Survey;;;;;;;;;;;;;;175;2290;SND
MB28-T1-03.JPG;12/13/2022;1208;T1;MERMAID Reef Survey;;;;;;;;;;;;;;346;2364;SND
MB28-T1-03.JPG;12/13/2022;1208;T1;MERMAID Reef Survey;;;;;;;;;;;;;;261;3138;SND
MB28-T1-03.JPG;12/13/2022;1208;T1;MERMAID Reef Survey;;;;;;;;;;;;;;1219;721;ACOR
MB28-T1-03.JPG;12/13/2022;1208;T1;MERMAID Reef Survey;;;;;;;;;;;;;;1080;2296;ACOR
MB28-T1-03.JPG;12/13/2022;1208;T1;MERMAID Reef Survey;;;;;;;;;;;;;;1401;2616;ACOR
MB28-T1-03.JPG;12/13/2022;1208;T1;MERMAID Reef Survey;;;;;;;;;;;;;;1203;2419;ACOR
MB28-T1-03.JPG;12/13/2022;1208;T1;MERMAID Reef Survey;;;;;;;;;;;;;;1551;666;ACOR
MB28-T1-03.JPG;12/13/2022;1208;T1;MERMAID Reef Survey;;;;;;;;;;;;;;2093;421;ACOR
MB28-T1-03.JPG;12/13/2022;1208;T1;MERMAID Reef Survey;;;;;;;;;;;;;;2015;370;ACOR
MB28-T1-03.JPG;12/13/2022;1208;T1;MERMAID Reef Survey;;;;;;;;;;;;;;1944;136;ACOR
MB28-T1-03.JPG;12/13/2022;1208;T1;MERMAID Reef Survey;;;;;;;;;;;;;;1483;1067;ACOR
MB28-T1-03.JPG;12/13/2022;1208;T1;MERMAID Reef Survey;;;;;;;;;;;;;;2012;1913;porM
MB28-T1-03.JPG;12/13/2022;1208;T1;MERMAID Reef Survey;;;;;;;;;;;;;;1685;3134;porM
MB28-T1-03.JPG;12/13/2022;1208;T1;MERMAID Reef Survey;;;;;;;;;;;;;;2271;773;porM
MB28-T1-03.JPG;12/13/2022;1208;T1;MERMAID Reef Survey;;;;;;;;;;;;;;2767;2201;porM
MB28-T1-03.JPG;12/13/2022;1208;T1;MERMAID Reef Survey;;;;;;;;;;;;;;2282;3069;porM
MB28-T1-03.JPG;12/13/2022;1208;T1;MERMAID Reef Survey;;;;;;;;;;;;;;2528;3151;porM
MB28-T1-03.JPG;12/13/2022;1208;T1;MERMAID Reef Survey;;;;;;;;;;;;;;3164;1441;porM
MB28-T1-03.JPG;12/13/2022;1208;T1;MERMAID Reef Survey;;;;;;;;;;;;;;2915;2739;porM
MB28-T1-04.JPG;12/13/2022;1208;T1;MERMAID Reef Survey;;;;;;;;;;;;;;80;117;porM
MB28-T1-04.JPG;12/13/2022;1208;T1;MERMAID Reef Survey;;;;;;;;;;;;;;23;621;Spog
MB28-T1-04.JPG;12/13/2022;1208;T1;MERMAID Reef Survey;;;;;;;;;;;;;;561;954;Spog
MB28-T1-04.JPG;12/13/2022;1208;T1;MERMAID Reef Survey;;;;;;;;;;;;;;52;2555;Spog
MB28-T1-04.JPG;12/13/2022;1208;T1;MERMAID Reef Survey;;;;;;;;;;;;;;567;3291;Spog
MB28-T1-04.JPG;12/13/2022;1208;T1;MERMAID Reef Survey;;;;;;;;;;;;;;335;3307;Zooa
MB28-T1-04.JPG;12/13/2022;1208;T1;MERMAID Reef Survey;;;;;;;;;;;;;;480;3251;Zooa
MB28-T1-04.JPG;12/13/2022;1208;T1;MERMAID Reef Survey;;;;;;;;;;;;;;1268;213;Zooa
MB28-T1-04.JPG;12/13/2022;1208;T1;MERMAID Reef Survey;;;;;;;;;;;;;;1402;965;Zooa
MB28-T1-04.JPG;12/13/2022;1208;T1;MERMAID Reef Survey;;;;;;;;;;;;;;1343;2463;Zooa
MB28-T1-04.JPG;12/13/2022;1208;T1;MERMAID Reef Survey;;;;;;;;;;;;;;957;3335;SND
MB28-T1-04.JPG;12/13/2022;1208;T1;MERMAID Reef Survey;;;;;;;;;;;;;;1809;5;SGR
MB28-T1-04.JPG;12/13/2022;1208;T1;MERMAID Reef Survey;;;;;;;;;;;;;;1556;1986;SGR
MB28-T1-04.JPG;12/13/2022;1208;T1;MERMAID Reef Survey;;;;;;;;;;;;;;2024;2013;SGR
MB28-T1-04.JPG;12/13/2022;1208;T1;MERMAID Reef Survey;;;;;;;;;;;;;;1518;1580;SGR
MB28-T1-04.JPG;12/13/2022;1208;T1;MERMAID Reef Survey;;;;;;;;;;;;;;1835;3494;SGR
MB28-T1-04.JPG;12/13/2022;1208;T1;MERMAID Reef Survey;;;;;;;;;;;;;;2306;516;SGR
MB28-T1-04.JPG;12/13/2022;1208;T1;MERMAID Reef Survey;;;;;;;;;;;;;;2800;659;SGR
MB28-T1-04.JPG;12/13/2022;1208;T1;MERMAID Reef Survey;;;;;;;;;;;;;;2658;722;SGR
MB28-T1-04.JPG;12/13/2022;1208;T1;MERMAID Reef Survey;;;;;;;;;;;;;;2438;2563;SGR
MB28-T1-04.JPG;12/13/2022;1208;T1;MERMAID Reef Survey;;;;;;;;;;;;;;2621;3326;SGR
MB28-T1-04.JPG;12/13/2022;1208;T1;MERMAID Reef Survey;;;;;;;;;;;;;;3222;861;SGR
MB28-T1-04.JPG;12/13/2022;1208;T1;MERMAID Reef Survey;;;;;;;;;;;;;;2885;1540;SGR
MB28-T1-04.JPG;12/13/2022;1208;T1;MERMAID Reef Survey;;;;;;;;;;;;;;3354;2738;SGR
MB28-T1-04.JPG;12/13/2022;1208;T1;MERMAID Reef Survey;;;;;;;;;;;;;;3432;2527;SGR
MB28-T1-05.JPG;12/13/2022;1208;T1;MERMAID Reef Survey;;;;;;;;;;;;;;118;1186;SGR
MB28-T1-05.JPG;12/13/2022;1208;T1;MERMAID Reef Survey;;;;;;;;;;;;;;464;1503;SGR
MB28-T1-05.JPG;12/13/2022;1208;T1;MERMAID Reef Survey;;;;;;;;;;;;;;591;1822;SGR
MB28-T1-05.JPG;12/13/2022;1208;T1;MERMAID Reef Survey;;;;;;;;;;;;;;392;2635;SGR
MB28-T1-05.JPG;12/13/2022;1208;T1;MERMAID Reef Survey;;;;;;;;;;;;;;347;2593;SGR
MB28-T1-05.JPG;12/13/2022;1208;T1;MERMAID Reef Survey;;;;;;;;;;;;;;244;3019;SGR
MB28-T1-05.JPG;12/13/2022;1208;T1;MERMAID Reef Survey;;;;;;;;;;;;;;1301;36;SGR
MB28-T1-05.JPG;12/13/2022;1208;T1;MERMAID Reef Survey;;;;;;;;;;;;;;1113;326;SGR
MB28-T1-05.JPG;12/13/2022;1208;T1;MERMAID Reef Survey;;;;;;;;;;;;;;1120;2019;SGR
MB28-T1-05.JPG;12/13/2022;1208;T1;MERMAID Reef Survey;;;;;;;;;;;;;;1397;2174;SGR
MB28-T1-05.JPG;12/13/2022;1208;T1;MERMAID Reef Survey;;;;;;;;;;;;;;1016;2794;SGR
MB28-T1-05.JPG;12/13/2022;1208;T1;MERMAID Reef Survey;;;;;;;;;;;;;;1007;3417;SGR
MB28-T1-05.JPG;12/13/2022;1208;T1;MERMAID Reef Survey;;;;;;;;;;;;;;1503;601;SGR
MB28-T1-05.JPG;12/13/2022;1208;T1;MERMAID Reef Survey;;;;;;;;;;;;;;1839;366;SGR
MB28-T1-05.JPG;12/13/2022;1208;T1;MERMAID Reef Survey;;;;;;;;;;;;;;1444;2972;SGR
MB28-T1-05.JPG;12/13/2022;1208;T1;MERMAID Reef Survey;;;;;;;;;;;;;;2619;503;SGR
MB28-T1-05.JPG;12/13/2022;1208;T1;MERMAID Reef Survey;;;;;;;;;;;;;;2334;2342;SGR
MB28-T1-05.JPG;12/13/2022;1208;T1;MERMAID Reef Survey;;;;;;;;;;;;;;2673;2827;SGR
MB28-T1-05.JPG;12/13/2022;1208;T1;MERMAID Reef Survey;;;;;;;;;;;;;;2329;3004;SGR
MB28-T1-05.JPG;12/13/2022;1208;T1;MERMAID Reef Survey;;;;;;;;;;;;;;2660;3000;SGR
MB28-T1-05.JPG;12/13/2022;1208;T1;MERMAID Reef Survey;;;;;;;;;;;;;;2472;3027;SGR
MB28-T1-05.JPG;12/13/2022;1208;T1;MERMAID Reef Survey;;;;;;;;;;;;;;3199;226;SGR
MB28-T1-05.JPG;12/13/2022;1208;T1;MERMAID Reef Survey;;;;;;;;;;;;;;3390;132;SGR
MB28-T1-05.JPG;12/13/2022;1208;T1;MERMAID Reef Survey;;;;;;;;;;;;;;3447;1248;SGR
MB28-T1-05.JPG;12/13/2022;1208;T1;MERMAID Reef Survey;;;;;;;;;;;;;;2982;1361;SGR
MB28-T1-06.JPG;12/13/2022;1208;T1;MERMAID Reef Survey;;;;;;;;;;;;;;607;25;SGR
MB28-T1-06.JPG;12/13/2022;1208;T1;MERMAID Reef Survey;;;;;;;;;;;;;;622;1212;SGR
MB28-T1-06.JPG;12/13/2022;1208;T1;MERMAID Reef Survey;;;;;;;;;;;;;;38;742;SGR
MB28-T1-06.JPG;12/13/2022;1208;T1;MERMAID Reef Survey;;;;;;;;;;;;;;443;1132;SGR
MB28-T1-06.JPG;12/13/2022;1208;T1;MERMAID Reef Survey;;;;;;;;;;;;;;50;2126;SGR
MB28-T1-06.JPG;12/13/2022;1208;T1;MERMAID Reef Survey;;;;;;;;;;;;;;725;2844;AMAC
MB28-T1-06.JPG;12/13/2022;1208;T1;MERMAID Reef Survey;;;;;;;;;;;;;;1579;312;SGR
MB28-T1-06.JPG;12/13/2022;1208;T1;MERMAID Reef Survey;;;;;;;;;;;;;;2091;1217;porM
MB28-T1-06.JPG;12/13/2022;1208;T1;MERMAID Reef Survey;;;;;;;;;;;;;;2079;1320;AMAC
MB28-T1-06.JPG;12/13/2022;1208;T1;MERMAID Reef Survey;;;;;;;;;;;;;;1563;1659;SC
MB28-T1-06.JPG;12/13/2022;1208;T1;MERMAID Reef Survey;;;;;;;;;;;;;;1642;2719;ATRF
MB28-T1-06.JPG;12/13/2022;1208;T1;MERMAID Reef Survey;;;;;;;;;;;;;;1977;2871;SND
MB28-T1-06.JPG;12/13/2022;1208;T1;MERMAID Reef Survey;;;;;;;;;;;;;;2048;3415;SND
MB28-T1-06.JPG;12/13/2022;1208;T1;MERMAID Reef Survey;;;;;;;;;;;;;;1669;3361;porM
MB28-T1-06.JPG;12/13/2022;1208;T1;MERMAID Reef Survey;;;;;;;;;;;;;;1436;3285;porM
MB28-T1-06.JPG;12/13/2022;1208;T1;MERMAID Reef Survey;;;;;;;;;;;;;;2243;1083;porM
MB28-T1-06.JPG;12/13/2022;1208;T1;MERMAID Reef Survey;;;;;;;;;;;;;;2418;1546;acr
MB28-T1-06.JPG;12/13/2022;1208;T1;MERMAID Reef Survey;;;;;;;;;;;;;;2403;2928;SND
MB28-T1-06.JPG;12/13/2022;1208;T1;MERMAID Reef Survey;;;;;;;;;;;;;;2562;3373;SGR
MB28-T1-06.JPG;12/13/2022;1208;T1;MERMAID Reef Survey;;;;;;;;;;;;;;2962;1930;SGR
MB28-T1-06.JPG;12/13/2022;1208;T1;MERMAID Reef Survey;;;;;;;;;;;;;;3233;2811;SND
MB28-T1-06.JPG;12/13/2022;1208;T1;MERMAID Reef Survey;;;;;;;;;;;;;;3473;2478;acr
MB28-T1-06.JPG;12/13/2022;1208;T1;MERMAID Reef Survey;;;;;;;;;;;;;;3429;2251;acr
MB28-T1-06.JPG;12/13/2022;1208;T1;MERMAID Reef Survey;;;;;;;;;;;;;;3093;2283;acr
MB28-T1-06.JPG;12/13/2022;1208;T1;MERMAID Reef Survey;;;;;;;;;;;;;;3495;2571;AMAC
MB28-T1-07.JPG;12/13/2022;1208;T1;MERMAID Reef Survey;;;;;;;;;;;;;;318;767;AMAC
MB28-T1-07.JPG;12/13/2022;1208;T1;MERMAID Reef Survey;;;;;;;;;;;;;;556;929;AMAC
MB28-T1-07.JPG;12/13/2022;1208;T1;MERMAID Reef Survey;;;;;;;;;;;;;;529;1481;AMAC
MB28-T1-07.JPG;12/13/2022;1208;T1;MERMAID Reef Survey;;;;;;;;;;;;;;340;2967;AMAC
MB28-T1-07.JPG;12/13/2022;1208;T1;MERMAID Reef Survey;;;;;;;;;;;;;;754;1222;AMAC
MB28-T1-07.JPG;12/13/2022;1208;T1;MERMAID Reef Survey;;;;;;;;;;;;;;833;806;AMAC
MB28-T1-07.JPG;12/13/2022;1208;T1;MERMAID Reef Survey;;;;;;;;;;;;;;769;1426;AMAC
MB28-T1-07.JPG;12/13/2022;1208;T1;MERMAID Reef Survey;;;;;;;;;;;;;;1379;2204;AMAC
MB28-T1-07.JPG;12/13/2022;1208;T1;MERMAID Reef Survey;;;;;;;;;;;;;;1733;321;AMAC
MB28-T1-07.JPG;12/13/2022;1208;T1;MERMAID Reef Survey;;;;;;;;;;;;;;1989;551;AMAC
MB28-T1-07.JPG;12/13/2022;1208;T1;MERMAID Reef Survey;;;;;;;;;;;;;;2007;547;AMAC
MB28-T1-07.JPG;12/13/2022;1208;T1;MERMAID Reef Survey;;;;;;;;;;;;;;1517;1000;AMAC
MB28-T1-07.JPG;12/13/2022;1208;T1;MERMAID Reef Survey;;;;;;;;;;;;;;2014;2145;SGR
MB28-T1-07.JPG;12/13/2022;1208;T1;MERMAID Reef Survey;;;;;;;;;;;;;;2023;3538;SGR
MB28-T1-07.JPG;12/13/2022;1208;T1;MERMAID Reef Survey;;;;;;;;;;;;;;2364;297;SGR
MB28-T1-07.JPG;12/13/2022;1208;T1;MERMAID Reef Survey;;;;;;;;;;;;;;2831;479;SGR
MB28-T1-07.JPG;12/13/2022;1208;T1;MERMAID Reef Survey;;;;;;;;;;;;;;2809;938;SGR
MB28-T1-07.JPG;12/13/2022;1208;T1;MERMAID Reef Survey;;;;;;;;;;;;;;2170;2304;SGR
MB28-T1-07.JPG;12/13/2022;1208;T1;MERMAID Reef Survey;;;;;;;;;;;;;;2815;3434;SGR
MB28-T1-07.JPG;12/13/2022;1208;T1;MERMAID Reef Survey;;;;;;;;;;;;;;2601;3039;SGR
MB28-T1-07.JPG;12/13/2022;1208;T1;MERMAID Reef Survey;;;;;;;;;;;;;;2595;3487;SGR
MB28-T1-07.JPG;12/13/2022;1208;T1;MERMAID Reef Survey;;;;;;;;;;;;;;2973;31;SGR
MB28-T1-07.JPG;12/13/2022;1208;T1;MERMAID Reef Survey;;;;;;;;;;;;;;3036;1694;SGR
MB28-T1-07.JPG;12/13/2022;1208;T1;MERMAID Reef Survey;;;;;;;;;;;;;;3121;3182;SGR
MB28-T1-07.JPG;12/13/2022;1208;T1;MERMAID Reef Survey;;;;;;;;;;;;;;3148;3467;SGR
MB28-T1-08.JPG;12/13/2022;1208;T1;MERMAID Reef Survey;;;;;;;;;;;;;;97;363;SGR
MB28-T1-08.JPG;12/13/2022;1208;T1;MERMAID Reef Survey;;;;;;;;;;;;;;19;178;INV
MB28-T1-08.JPG;12/13/2022;1208;T1;MERMAID Reef Survey;;;;;;;;;;;;;;423;990;INV
MB28-T1-08.JPG;12/13/2022;1208;T1;MERMAID Reef Survey;;;;;;;;;;;;;;361;2453;INV
MB28-T1-08.JPG;12/13/2022;1208;T1;MERMAID Reef Survey;;;;;;;;;;;;;;67;3485;INV
MB28-T1-08.JPG;12/13/2022;1208;T1;MERMAID Reef Survey;;;;;;;;;;;;;;432;3529;INV
MB28-T1-08.JPG;12/13/2022;1208;T1;MERMAID Reef Survey;;;;;;;;;;;;;;1336;135;INV
MB28-T1-08.JPG;12/13/2022;1208;T1;MERMAID Reef Survey;;;;;;;;;;;;;;1325;438;INV
MB28-T1-08.JPG;12/13/2022;1208;T1;MERMAID Reef Survey;;;;;;;;;;;;;;899;74;INV
MB28-T1-08.JPG;12/13/2022;1208;T1;MERMAID Reef Survey;;;;;;;;;;;;;;1156;2112;INV
MB28-T1-08.JPG;12/13/2022;1208;T1;MERMAID Reef Survey;;;;;;;;;;;;;;728;2258;INV
MB28-T1-08.JPG;12/13/2022;1208;T1;MERMAID Reef Survey;;;;;;;;;;;;;;925;3524;INV
MB28-T1-08.JPG;12/13/2022;1208;T1;MERMAID Reef Survey;;;;;;;;;;;;;;1783;396;SC
MB28-T1-08.JPG;12/13/2022;1208;T1;MERMAID Reef Survey;;;;;;;;;;;;;;2120;705;SC
MB28-T1-08.JPG;12/13/2022;1208;T1;MERMAID Reef Survey;;;;;;;;;;;;;;1937;1011;SC
MB28-T1-08.JPG;12/13/2022;1208;T1;MERMAID Reef Survey;;;;;;;;;;;;;;1857;2583;SC
MB28-T1-08.JPG;12/13/2022;1208;T1;MERMAID Reef Survey;;;;;;;;;;;;;;2499;263;SC
MB28-T1-08.JPG;12/13/2022;1208;T1;MERMAID Reef Survey;;;;;;;;;;;;;;2438;3438;SC
MB28-T1-08.JPG;12/13/2022;1208;T1;MERMAID Reef Survey;;;;;;;;;;;;;;2850;578;SC
MB28-T1-08.JPG;12/13/2022;1208;T1;MERMAID Reef Survey;;;;;;;;;;;;;;3355;1713;SC
MB28-T1-08.JPG;12/13/2022;1208;T1;MERMAID Reef Survey;;;;;;;;;;;;;;3346;2770;SC
MB28-T1-08.JPG;12/13/2022;1208;T1;MERMAID Reef Survey;;;;;;;;;;;;;;3039;2716;SC
MB28-T1-08.JPG;12/13/2022;1208;T1;MERMAID Reef Survey;;;;;;;;;;;;;;3126;3391;ste
MB28-T1-08.JPG;12/13/2022;1208;T1;MERMAID Reef Survey;;;;;;;;;;;;;;3222;3127;ste
MB28-T1-08.JPG;12/13/2022;1208;T1;MERMAID Reef Survey;;;;;;;;;;;;;;3516;3334;stc
MB28-T1-09.JPG;12/13/2022;1208;T1;MERMAID Reef Survey;;;;;;;;;;;;;;434;49;stc
MB28-T1-09.JPG;12/13/2022;1208;T1;MERMAID Reef Survey;;;;;;;;;;;;;;210;946;tra
MB28-T1-09.JPG;12/13/2022;1208;T1;MERMAID Reef Survey;;;;;;;;;;;;;;624;894;tub
MB28-T1-09.JPG;12/13/2022;1208;T1;MERMAID Reef Survey;;;;;;;;;;;;;;578;2087;tub
MB28-T1-09.JPG;12/13/2022;1208;T1;MERMAID Reef Survey;;;;;;;;;;;;;;553;2791;tur
MB28-T1-09.JPG;12/13/2022;1208;T1;MERMAID Reef Survey;;;;;;;;;;;;;;444;2641;tur
MB28-T1-09.JPG;12/13/2022;1208;T1;MERMAID Reef Survey;;;;;;;;;;;;;;360;2513;ATRF
MB28-T1-09.JPG;12/13/2022;1208;T1;MERMAID Reef Survey;;;;;;;;;;;;;;722;570;ATRF
MB28-T1-09.JPG;12/13/2022;1208;T1;MERMAID Reef Survey;;;;;;;;;;;;;;1354;305;ATRF
MB28-T1-09.JPG;12/13/2022;1208;T1;MERMAID Reef Survey;;;;;;;;;;;;;;1352;1484;ATRF
MB28-T1-09.JPG;12/13/2022;1208;T1;MERMAID Reef Survey;;;;;;;;;;;;;;1317;1995;acr
MB28-T1-09.JPG;12/13/2022;1208;T1;MERMAID Reef Survey;;;;;;;;;;;;;;896;2509;acr
MB28-T1-09.JPG;12/13/2022;1208;T1;MERMAID Reef Survey;;;;;;;;;;;;;;995;2720;acr
MB28-T1-09.JPG;12/13/2022;1208;T1;MERMAID Reef Survey;;;;;;;;;;;;;;1060;2818;acr
MB28-T1-09.JPG;12/13/2022;1208;T1;MERMAID Reef Survey;;;;;;;;;;;;;;962;2907;acr
MB28-T1-09.JPG;12/13/2022;1208;T1;MERMAID Reef Survey;;;;;;;;;;;;;;2106;2350;acr
MB28-T1-09.JPG;12/13/2022;1208;T1;MERMAID Reef Survey;;;;;;;;;;;;;;1676;3410;acr
MB28-T1-09.JPG;12/13/2022;1208;T1;MERMAID Reef Survey;;;;;;;;;;;;;;2210;1525;acr
MB28-T1-09.JPG;12/13/2022;1208;T1;MERMAID Reef Survey;;;;;;;;;;;;;;2536;1776;DC
MB28-T1-09.JPG;12/13/2022;1208;T1;MERMAID Reef Survey;;;;;;;;;;;;;;2479;2770;DC
MB28-T1-09.JPG;12/13/2022;1208;T1;MERMAID Reef Survey;;;;;;;;;;;;;;2212;2297;DC
MB28-T1-09.JPG;12/13/2022;1208;T1;MERMAID Reef Survey;;;;;;;;;;;;;;2229;2148;DC
MB28-T1-09.JPG;12/13/2022;1208;T1;MERMAID Reef Survey;;;;;;;;;;;;;;3031;1451;DC
MB28-T1-09.JPG;12/13/2022;1208;T1;MERMAID Reef Survey;;;;;;;;;;;;;;3410;1654;dip
MB28-T1-09.JPG;12/13/2022;1208;T1;MERMAID Reef Survey;;;;;;;;;;;;;;2943;2633;dip
MB28-T1-10.JPG;12/13/2022;1208;T1;MERMAID Reef Survey;;;;;;;;;;;;;;627;494;eph
MB28-T1-10.JPG;12/13/2022;1208;T1;MERMAID Reef Survey;;;;;;;;;;;;;;211;551;eph
MB28-T1-10.JPG;12/13/2022;1208;T1;MERMAID Reef Survey;;;;;;;;;;;;;;151;456;epo
MB28-T1-10.JPG;12/13/2022;1208;T1;MERMAID Reef Survey;;;;;;;;;;;;;;187;1522;epo
MB28-T1-10.JPG;12/13/2022;1208;T1;MERMAID Reef Survey;;;;;;;;;;;;;;261;2903;epo
MB28-T1-10.JPG;12/13/2022;1208;T1;MERMAID Reef Survey;;;;;;;;;;;;;;1170;658;epo
MB28-T1-10.JPG;12/13/2022;1208;T1;MERMAID Reef Survey;;;;;;;;;;;;;;1337;962;epo
MB28-T1-10.JPG;12/13/2022;1208;T1;MERMAID Reef Survey;;;;;;;;;;;;;;1312;2011;porM
MB28-T1-10.JPG;12/13/2022;1208;T1;MERMAID Reef Survey;;;;;;;;;;;;;;964;2218;ATRF
MB28-T1-10.JPG;12/13/2022;1208;T1;MERMAID Reef Survey;;;;;;;;;;;;;;1761;144;ATRF
MB28-T1-10.JPG;12/13/2022;1208;T1;MERMAID Reef Survey;;;;;;;;;;;;;;1644;939;porM
MB28-T1-10.JPG;12/13/2022;1208;T1;MERMAID Reef Survey;;;;;;;;;;;;;;1935;1247;porM
MB28-T1-10.JPG;12/13/2022;1208;T1;MERMAID Reef Survey;;;;;;;;;;;;;;1870;2061;lob
MB28-T1-10.JPG;12/13/2022;1208;T1;MERMAID Reef Survey;;;;;;;;;;;;;;1821;2671;lob
MB28-T1-10.JPG;12/13/2022;1208;T1;MERMAID Reef Survey;;;;;;;;;;;;;;1742;3419;lob
MB28-T1-10.JPG;12/13/2022;1208;T1;MERMAID Reef Survey;;;;;;;;;;;;;;2792;1359;lob
MB28-T1-10.JPG;12/13/2022;1208;T1;MERMAID Reef Survey;;;;;;;;;;;;;;2511;809;lob
MB28-T1-10.JPG;12/13/2022;1208;T1;MERMAID Reef Survey;;;;;;;;;;;;;;2407;1565;lob
MB28-T1-10.JPG;12/13/2022;1208;T1;MERMAID Reef Survey;;;;;;;;;;;;;;2634;2528;mtp
MB28-T1-10.JPG;12/13/2022;1208;T1;MERMAID Reef Survey;;;;;;;;;;;;;;2577;3502;mtp
MB28-T1-10.JPG;12/13/2022;1208;T1;MERMAID Reef Survey;;;;;;;;;;;;;;2359;3389;mtp
MB28-T1-10.JPG;12/13/2022;1208;T1;MERMAID Reef Survey;;;;;;;;;;;;;;3025;1338;mtp
MB28-T1-10.JPG;12/13/2022;1208;T1;MERMAID Reef Survey;;;;;;;;;;;;;;3239;1054;mtp
MB28-T1-10.JPG;12/13/2022;1208;T1;MERMAID Reef Survey;;;;;;;;;;;;;;2965;1529;mtp
MB28-T1-10.JPG;12/13/2022;1208;T1;MERMAID Reef Survey;;;;;;;;;;;;;;3185;1752;porM
MB28-T1-11.JPG;12/13/2022;1208;T1;MERMAID Reef Survey;;;;;;;;;;;;;;118;1591;SC
MB28-T1-11.JPG;12/13/2022;1208;T1;MERMAID Reef Survey;;;;;;;;;;;;;;312;2277;ATRF
MB28-T1-11.JPG;12/13/2022;1208;T1;MERMAID Reef Survey;;;;;;;;;;;;;;545;2164;ATRF
MB28-T1-11.JPG;12/13/2022;1208;T1;MERMAID Reef Survey;;;;;;;;;;;;;;1400;213;SC
MB28-T1-11.JPG;12/13/2022;1208;T1;MERMAID Reef Survey;;;;;;;;;;;;;;848;354;SC
MB28-T1-11.JPG;12/13/2022;1208;T1;MERMAID Reef Survey;;;;;;;;;;;;;;862;275;SC
MB28-T1-11.JPG;12/13/2022;1208;T1;MERMAID Reef Survey;;;;;;;;;;;;;;1408;202;SC
MB28-T1-11.JPG;12/13/2022;1208;T1;MERMAID Reef Survey;;;;;;;;;;;;;;1080;1865;SC
MB28-T1-11.JPG;12/13/2022;1208;T1;MERMAID Reef Survey;;;;;;;;;;;;;;779;3485;SC
MB28-T1-11.JPG;12/13/2022;1208;T1;MERMAID Reef Survey;;;;;;;;;;;;;;2012;295;SC
MB28-T1-11.JPG;12/13/2022;1208;T1;MERMAID Reef Survey;;;;;;;;;;;;;;1698;1115;SC
MB28-T1-11.JPG;12/13/2022;1208;T1;MERMAID Reef Survey;;;;;;;;;;;;;;1959;2085;SC
MB28-T1-11.JPG;12/13/2022;1208;T1;MERMAID Reef Survey;;;;;;;;;;;;;;1790;2475;SC
MB28-T1-11.JPG;12/13/2022;1208;T1;MERMAID Reef Survey;;;;;;;;;;;;;;1837;2242;SC
MB28-T1-11.JPG;12/13/2022;1208;T1;MERMAID Reef Survey;;;;;;;;;;;;;;1627;2886;SC
MB28-T1-11.JPG;12/13/2022;1208;T1;MERMAID Reef Survey;;;;;;;;;;;;;;1672;2904;porB
MB28-T1-11.JPG;12/13/2022;1208;T1;MERMAID Reef Survey;;;;;;;;;;;;;;1717;3291;acr
MB28-T1-11.JPG;12/13/2022;1208;T1;MERMAID Reef Survey;;;;;;;;;;;;;;2311;1143;RUB
MB28-T1-11.JPG;12/13/2022;1208;T1;MERMAID Reef Survey;;;;;;;;;;;;;;3520;275;RUB
MB28-T1-11.JPG;12/13/2022;1208;T1;MERMAID Reef Survey;;;;;;;;;;;;;;3157;205;RUB
MB28-T1-11.JPG;12/13/2022;1208;T1;MERMAID Reef Survey;;;;;;;;;;;;;;3494;1020;RUB
MB28-T1-11.JPG;12/13/2022;1208;T1;MERMAID Reef Survey;;;;;;;;;;;;;;3098;931;RUB
MB28-T1-11.JPG;12/13/2022;1208;T1;MERMAID Reef Survey;;;;;;;;;;;;;;3380;1639;psa
MB28-T1-11.JPG;12/13/2022;1208;T1;MERMAID Reef Survey;;;;;;;;;;;;;;3289;1524;psa
MB28-T1-11.JPG;12/13/2022;1208;T1;MERMAID Reef Survey;;;;;;;;;;;;;;3237;2970;psa
MB28-T1-12.JPG;12/13/2022;1208;T1;MERMAID Reef Survey;;;;;;;;;;;;;;381;720;psa
MB28-T1-12.JPG;12/13/2022;1208;T1;MERMAID Reef Survey;;;;;;;;;;;;;;121;1959;AMAC
MB28-T1-12.JPG;12/13/2022;1208;T1;MERMAID Reef Survey;;;;;;;;;;;;;;80;2510;porB
MB28-T1-12.JPG;12/13/2022;1208;T1;MERMAID Reef Survey;;;;;;;;;;;;;;558;2152;porB
MB28-T1-12.JPG;12/13/2022;1208;T1;MERMAID Reef Survey;;;;;;;;;;;;;;176;2632;porB
MB28-T1-12.JPG;12/13/2022;1208;T1;MERMAID Reef Survey;;;;;;;;;;;;;;705;2390;porB
MB28-T1-12.JPG;12/13/2022;1208;T1;MERMAID Reef Survey;;;;;;;;;;;;;;859;882;porB
MB28-T1-12.JPG;12/13/2022;1208;T1;MERMAID Reef Survey;;;;;;;;;;;;;;1001;1199;porB
MB28-T1-12.JPG;12/13/2022;1208;T1;MERMAID Reef Survey;;;;;;;;;;;;;;993;1958;porB
MB28-T1-12.JPG;12/13/2022;1208;T1;MERMAID Reef Survey;;;;;;;;;;;;;;918;2006;porB
MB28-T1-12.JPG;12/13/2022;1208;T1;MERMAID Reef Survey;;;;;;;;;;;;;;1341;2415;porB
MB28-T1-12.JPG;12/13/2022;1208;T1;MERMAID Reef Survey;;;;;;;;;;;;;;1044;3292;porB
MB28-T1-12.JPG;12/13/2022;1208;T1;MERMAID Reef Survey;;;;;;;;;;;;;;1297;3274;porB
MB28-T1-12.JPG;12/13/2022;1208;T1;MERMAID Reef Survey;;;;;;;;;;;;;;2653;302;porB
MB28-T1-12.JPG;12/13/2022;1208;T1;MERMAID Reef Survey;;;;;;;;;;;;;;2782;1143;porB
MB28-T1-12.JPG;12/13/2022;1208;T1;MERMAID Reef Survey;;;;;;;;;;;;;;2599;1219;porB
MB28-T1-12.JPG;12/13/2022;1208;T1;MERMAID Reef Survey;;;;;;;;;;;;;;2200;945;porB
MB28-T1-12.JPG;12/13/2022;1208;T1;MERMAID Reef Survey;;;;;;;;;;;;;;2255;1784;porB
MB28-T1-12.JPG;12/13/2022;1208;T1;MERMAID Reef Survey;;;;;;;;;;;;;;2254;1442;porB
MB28-T1-12.JPG;12/13/2022;1208;T1;MERMAID Reef Survey;;;;;;;;;;;;;;2245;2944;porB
MB28-T1-12.JPG;12/13/2022;1208;T1;MERMAID Reef Survey;;;;;;;;;;;;;;3325;1227;porB
MB28-T1-12.JPG;12/13/2022;1208;T1;MERMAID Reef Survey;;;;;;;;;;;;;;3202;2167;porB
MB28-T1-12.JPG;12/13/2022;1208;T1;MERMAID Reef Survey;;;;;;;;;;;;;;3438;2407;porB
MB28-T1-12.JPG;12/13/2022;1208;T1;MERMAID Reef Survey;;;;;;;;;;;;;;3087;3207;porB
MB28-T1-12.JPG;12/13/2022;1208;T1;MERMAID Reef Survey;;;;;;;;;;;;;;3256;3264;porB
MB28-T1-13.JPG;12/13/2022;1208;T1;MERMAID Reef Survey;;;;;;;;;;;;;;506;746;porB
MB28-T1-13.JPG;12/13/2022;1208;T1;MERMAID Reef Survey;;;;;;;;;;;;;;72;1498;porB
MB28-T1-13.JPG;12/13/2022;1208;T1;MERMAID Reef Survey;;;;;;;;;;;;;;47;1762;porB
MB28-T1-13.JPG;12/13/2022;1208;T1;MERMAID Reef Survey;;;;;;;;;;;;;;223;1572;porB
MB28-T1-13.JPG;12/13/2022;1208;T1;MERMAID Reef Survey;;;;;;;;;;;;;;455;2286;Spog
MB28-T1-13.JPG;12/13/2022;1208;T1;MERMAID Reef Survey;;;;;;;;;;;;;;421;2659;AMAC
MB28-T1-13.JPG;12/13/2022;1208;T1;MERMAID Reef Survey;;;;;;;;;;;;;;1308;138;porM
MB28-T1-13.JPG;12/13/2022;1208;T1;MERMAID Reef Survey;;;;;;;;;;;;;;1021;1043;SND
MB28-T1-13.JPG;12/13/2022;1208;T1;MERMAID Reef Survey;;;;;;;;;;;;;;1299;751;SND
MB28-T1-13.JPG;12/13/2022;1208;T1;MERMAID Reef Survey;;;;;;;;;;;;;;1232;2022;SND
MB28-T1-13.JPG;12/13/2022;1208;T1;MERMAID Reef Survey;;;;;;;;;;;;;;1370;3107;ATRF
MB28-T1-13.JPG;12/13/2022;1208;T1;MERMAID Reef Survey;;;;;;;;;;;;;;754;3325;SC
MB28-T1-13.JPG;12/13/2022;1208;T1;MERMAID Reef Survey;;;;;;;;;;;;;;822;3187;ATRF
MB28-T1-13.JPG;12/13/2022;1208;T1;MERMAID Reef Survey;;;;;;;;;;;;;;1818;462;SND
MB28-T1-13.JPG;12/13/2022;1208;T1;MERMAID Reef Survey;;;;;;;;;;;;;;1998;747;ATRF
MB28-T1-13.JPG;12/13/2022;1208;T1;MERMAID Reef Survey;;;;;;;;;;;;;;2123;3412;ATRF
MB28-T1-13.JPG;12/13/2022;1208;T1;MERMAID Reef Survey;;;;;;;;;;;;;;1570;3203;ATRF
MB28-T1-13.JPG;12/13/2022;1208;T1;MERMAID Reef Survey;;;;;;;;;;;;;;1813;3332;ATRF
MB28-T1-13.JPG;12/13/2022;1208;T1;MERMAID Reef Survey;;;;;;;;;;;;;;2645;2668;porB
MB28-T1-13.JPG;12/13/2022;1208;T1;MERMAID Reef Survey;;;;;;;;;;;;;;2706;3382;ATRF
MB28-T1-13.JPG;12/13/2022;1208;T1;MERMAID Reef Survey;;;;;;;;;;;;;;2512;3174;ATRF
MB28-T1-13.JPG;12/13/2022;1208;T1;MERMAID Reef Survey;;;;;;;;;;;;;;3206;65;SND
MB28-T1-13.JPG;12/13/2022;1208;T1;MERMAID Reef Survey;;;;;;;;;;;;;;2844;94;AMAC
MB28-T1-13.JPG;12/13/2022;1208;T1;MERMAID Reef Survey;;;;;;;;;;;;;;3183;89;SND
MB28-T1-13.JPG;12/13/2022;1208;T1;MERMAID Reef Survey;;;;;;;;;;;;;;3427;2090;porB
MB28-T1-14.JPG;12/13/2022;1208;T1;MERMAID Reef Survey;;;;;;;;;;;;;;672;62;AMAC
MB28-T1-14.JPG;12/13/2022;1208;T1;MERMAID Reef Survey;;;;;;;;;;;;;;359;551;porM
MB28-T1-14.JPG;12/13/2022;1208;T1;MERMAID Reef Survey;;;;;;;;;;;;;;401;753;porM
MB28-T1-14.JPG;12/13/2022;1208;T1;MERMAID Reef Survey;;;;;;;;;;;;;;88;798;porM
MB28-T1-14.JPG;12/13/2022;1208;T1;MERMAID Reef Survey;;;;;;;;;;;;;;390;1756;lob
MB28-T1-14.JPG;12/13/2022;1208;T1;MERMAID Reef Survey;;;;;;;;;;;;;;309;2039;porM
MB28-T1-14.JPG;12/13/2022;1208;T1;MERMAID Reef Survey;;;;;;;;;;;;;;518;2473;TWS
MB28-T1-14.JPG;12/13/2022;1208;T1;MERMAID Reef Survey;;;;;;;;;;;;;;820;1967;porM
MB28-T1-14.JPG;12/13/2022;1208;T1;MERMAID Reef Survey;;;;;;;;;;;;;;1189;1571;porM
MB28-T1-14.JPG;12/13/2022;1208;T1;MERMAID Reef Survey;;;;;;;;;;;;;;1384;1998;ACOR
MB28-T1-14.JPG;12/13/2022;1208;T1;MERMAID Reef Survey;;;;;;;;;;;;;;1811;182;porM
MB28-T1-14.JPG;12/13/2022;1208;T1;MERMAID Reef Survey;;;;;;;;;;;;;;1873;624;porM
MB28-T1-14.JPG;12/13/2022;1208;T1;MERMAID Reef Survey;;;;;;;;;;;;;;1914;800;porM
MB28-T1-14.JPG;12/13/2022;1208;T1;MERMAID Reef Survey;;;;;;;;;;;;;;1431;1802;porM
MB28-T1-14.JPG;12/13/2022;1208;T1;MERMAID Reef Survey;;;;;;;;;;;;;;1907;1772;porM
MB28-T1-14.JPG;12/13/2022;1208;T1;MERMAID Reef Survey;;;;;;;;;;;;;;2029;2568;gal
MB28-T1-14.JPG;12/13/2022;1208;T1;MERMAID Reef Survey;;;;;;;;;;;;;;2806;2023;gal
MB28-T1-14.JPG;12/13/2022;1208;T1;MERMAID Reef Survey;;;;;;;;;;;;;;2659;3087;gal
MB28-T1-14.JPG;12/13/2022;1208;T1;MERMAID Reef Survey;;;;;;;;;;;;;;3440;381;Anem
MB28-T1-14.JPG;12/13/2022;1208;T1;MERMAID Reef Survey;;;;;;;;;;;;;;2916;582;porM
MB28-T1-14.JPG;12/13/2022;1208;T1;MERMAID Reef Survey;;;;;;;;;;;;;;2967;683;porM
MB28-T1-14.JPG;12/13/2022;1208;T1;MERMAID Reef Survey;;;;;;;;;;;;;;2880;1124;TWS
MB28-T1-14.JPG;12/13/2022;1208;T1;MERMAID Reef Survey;;;;;;;;;;;;;;3464;807;SC
MB28-T1-14.JPG;12/13/2022;1208;T1;MERMAID Reef Survey;;;;;;;;;;;;;;3249;2953;TWS
MB28-T1-14.JPG;12/13/2022;1208;T1;MERMAID Reef Survey;;;;;;;;;;;;;;2879;3300;gal
MB28-T1-15.JPG;12/13/2022;1208;T1;MERMAID Reef Survey;;;;;;;;;;;;;;625;591;fun
MB28-T1-15.JPG;12/13/2022;1208;T1;MERMAID Reef Survey;;;;;;;;;;;;;;277;1190;epo
MB28-T1-15.JPG;12/13/2022;1208;T1;MERMAID Reef Survey;;;;;;;;;;;;;;486;1732;RUB
MB28-T1-15.JPG;12/13/2022;1208;T1;MERMAID Reef Survey;;;;;;;;;;;;;;33;1583;RUB
MB28-T1-15.JPG;12/13/2022;1208;T1;MERMAID Reef Survey;;;;;;;;;;;;;;138;2514;RUB
MB28-T1-15.JPG;12/13/2022;1208;T1;MERMAID Reef Survey;;;;;;;;;;;;;;805;956;RUB
MB28-T1-15.JPG;12/13/2022;1208;T1;MERMAID Reef Survey;;;;;;;;;;;;;;1227;1819;RUB
MB28-T1-15.JPG;12/13/2022;1208;T1;MERMAID Reef Survey;;;;;;;;;;;;;;915;1537;RUB
MB28-T1-15.JPG;12/13/2022;1208;T1;MERMAID Reef Survey;;;;;;;;;;;;;;752;2413;AMAC
MB28-T1-15.JPG;12/13/2022;1208;T1;MERMAID Reef Survey;;;;;;;;;;;;;;1882;326;ATRF
MB28-T1-15.JPG;12/13/2022;1208;T1;MERMAID Reef Survey;;;;;;;;;;;;;;1444;1388;acr
MB28-T1-15.JPG;12/13/2022;1208;T1;MERMAID Reef Survey;;;;;;;;;;;;;;1766;1987;INV
MB28-T1-15.JPG;12/13/2022;1208;T1;MERMAID Reef Survey;;;;;;;;;;;;;;1547;1666;ACOR
MB28-T1-15.JPG;12/13/2022;1208;T1;MERMAID Reef Survey;;;;;;;;;;;;;;1572;2158;eph
MB28-T1-15.JPG;12/13/2022;1208;T1;MERMAID Reef Survey;;;;;;;;;;;;;;1890;3259;eph
MB28-T1-15.JPG;12/13/2022;1208;T1;MERMAID Reef Survey;;;;;;;;;;;;;;2488;495;acr
MB28-T1-15.JPG;12/13/2022;1208;T1;MERMAID Reef Survey;;;;;;;;;;;;;;2663;1701;Cmorph
MB28-T1-15.JPG;12/13/2022;1208;T1;MERMAID Reef Survey;;;;;;;;;;;;;;2438;3078;eph
MB28-T1-15.JPG;12/13/2022;1208;T1;MERMAID Reef Survey;;;;;;;;;;;;;;3048;298;mer
MB28-T1-15.JPG;12/13/2022;1208;T1;MERMAID Reef Survey;;;;;;;;;;;;;;3457;1828;SIL
MB28-T1-15.JPG;12/13/2022;1208;T1;MERMAID Reef Survey;;;;;;;;;;;;;;3483;1422;SIL
MB28-T1-15.JPG;12/13/2022;1208;T1;MERMAID Reef Survey;;;;;;;;;;;;;;2873;1927;SIL
MB28-T1-15.JPG;12/13/2022;1208;T1;MERMAID Reef Survey;;;;;;;;;;;;;;2868;1448;Cmorph
MB28-T1-15.JPG;12/13/2022;1208;T1;MERMAID Reef Survey;;;;;;;;;;;;;;3366;2661;ATRF
MB28-T1-15.JPG;12/13/2022;1208;T1;MERMAID Reef Survey;;;;;;;;;;;;;;2916;3085;ATRF
MB28-T1-16.JPG;12/13/2022;1208;T1;MERMAID Reef Survey;;;;;;;;;;;;;;199;2002;SGR
MB28-T1-16.JPG;12/13/2022;1208;T1;MERMAID Reef Survey;;;;;;;;;;;;;;680;2512;RUB
MB28-T1-16.JPG;12/13/2022;1208;T1;MERMAID Reef Survey;;;;;;;;;;;;;;364;3192;RUB
MB28-T1-16.JPG;12/13/2022;1208;T1;MERMAID Reef Survey;;;;;;;;;;;;;;94;3332;RUB
MB28-T1-16.JPG;12/13/2022;1208;T1;MERMAID Reef Survey;;;;;;;;;;;;;;914;437;RUB
MB28-T1-16.JPG;12/13/2022;1208;T1;MERMAID Reef Survey;;;;;;;;;;;;;;1003;1123;RUB
MB28-T1-16.JPG;12/13/2022;1208;T1;MERMAID Reef Survey;;;;;;;;;;;;;;719;2892;AMAC
MB28-T1-16.JPG;12/13/2022;1208;T1;MERMAID Reef Survey;;;;;;;;;;;;;;1411;3196;AMAC
MB28-T1-16.JPG;12/13/2022;1208;T1;MERMAID Reef Survey;;;;;;;;;;;;;;1494;91;AMAC
MB28-T1-16.JPG;12/13/2022;1208;T1;MERMAID Reef Survey;;;;;;;;;;;;;;2088;700;AMAC
MB28-T1-16.JPG;12/13/2022;1208;T1;MERMAID Reef Survey;;;;;;;;;;;;;;1876;1105;AMAC
MB28-T1-16.JPG;12/13/2022;1208;T1;MERMAID Reef Survey;;;;;;;;;;;;;;1791;1950;SND
MB28-T1-16.JPG;12/13/2022;1208;T1;MERMAID Reef Survey;;;;;;;;;;;;;;1729;2310;SND
MB28-T1-16.JPG;12/13/2022;1208;T1;MERMAID Reef Survey;;;;;;;;;;;;;;1657;2513;SND
MB28-T1-16.JPG;12/13/2022;1208;T1;MERMAID Reef Survey;;;;;;;;;;;;;;1632;2877;SND
MB28-T1-16.JPG;12/13/2022;1208;T1;MERMAID Reef Survey;;;;;;;;;;;;;;2066;3311;SGR
MB28-T1-16.JPG;12/13/2022;1208;T1;MERMAID Reef Survey;;;;;;;;;;;;;;2243;257;ATRF
MB28-T1-16.JPG;12/13/2022;1208;T1;MERMAID Reef Survey;;;;;;;;;;;;;;2316;1116;SND
MB28-T1-16.JPG;12/13/2022;1208;T1;MERMAID Reef Survey;;;;;;;;;;;;;;2660;2089;SND
MB28-T1-16.JPG;12/13/2022;1208;T1;MERMAID Reef Survey;;;;;;;;;;;;;;2216;1574;AMAC
MB28-T1-16.JPG;12/13/2022;1208;T1;MERMAID Reef Survey;;;;;;;;;;;;;;2204;2572;SND
MB28-T1-16.JPG;12/13/2022;1208;T1;MERMAID Reef Survey;;;;;;;;;;;;;;2933;229;SND
MB28-T1-16.JPG;12/13/2022;1208;T1;MERMAID Reef Survey;;;;;;;;;;;;;;2982;373;SND
MB28-T1-16.JPG;12/13/2022;1208;T1;MERMAID Reef Survey;;;;;;;;;;;;;;3168;2975;SND
MB28-T1-16.JPG;12/13/2022;1208;T1;MERMAID Reef Survey;;;;;;;;;;;;;;3326;3360;SND
MB28-T1-17.JPG;12/13/2022;1208;T1;MERMAID Reef Survey;;;;;;;;;;;;;;457;90;SGR
MB28-T1-17.JPG;12/13/2022;1208;T1;MERMAID Reef Survey;;;;;;;;;;;;;;607;1244;SND
MB28-T1-17.JPG;12/13/2022;1208;T1;MERMAID Reef Survey;;;;;;;;;;;;;;73;1633;SGR
MB28-T1-17.JPG;12/13/2022;1208;T1;MERMAID Reef Survey;;;;;;;;;;;;;;793;634;SND
MB28-T1-17.JPG;12/13/2022;1208;T1;MERMAID Reef Survey;;;;;;;;;;;;;;1183;444;SGR
MB28-T1-17.JPG;12/13/2022;1208;T1;MERMAID Reef Survey;;;;;;;;;;;;;;956;1004;SGR
MB28-T1-17.JPG;12/13/2022;1208;T1;MERMAID Reef Survey;;;;;;;;;;;;;;1259;1447;SGR
MB28-T1-17.JPG;12/13/2022;1208;T1;MERMAID Reef Survey;;;;;;;;;;;;;;910;1551;Lbp
MB28-T1-17.JPG;12/13/2022;1208;T1;MERMAID Reef Survey;;;;;;;;;;;;;;760;2396;AMAC
MB28-T1-17.JPG;12/13/2022;1208;T1;MERMAID Reef Survey;;;;;;;;;;;;;;1299;3275;mad
MB28-T1-17.JPG;12/13/2022;1208;T1;MERMAID Reef Survey;;;;;;;;;;;;;;1945;3424;mer
MB28-T1-17.JPG;12/13/2022;1208;T1;MERMAID Reef Survey;;;;;;;;;;;;;;2328;65;mic
MB28-T1-17.JPG;12/13/2022;1208;T1;MERMAID Reef Survey;;;;;;;;;;;;;;2273;526;mil
MB28-T1-17.JPG;12/13/2022;1208;T1;MERMAID Reef Survey;;;;;;;;;;;;;;2727;754;Moll
MB28-T1-17.JPG;12/13/2022;1208;T1;MERMAID Reef Survey;;;;;;;;;;;;;;2689;3461;mon
MB28-T1-17.JPG;12/13/2022;1208;T1;MERMAID Reef Survey;;;;;;;;;;;;;;2651;3255;mtp
MB28-T1-17.JPG;12/13/2022;1208;T1;MERMAID Reef Survey;;;;;;;;;;;;;;2517;3268;myc
MB28-T1-17.JPG;12/13/2022;1208;T1;MERMAID Reef Survey;;;;;;;;;;;;;;2793;2985;AMAC
MB28-T1-17.JPG;12/13/2022;1208;T1;MERMAID Reef Survey;;;;;;;;;;;;;;3209;23;AMAC
MB28-T1-17.JPG;12/13/2022;1208;T1;MERMAID Reef Survey;;;;;;;;;;;;;;3430;56;SGR
MB28-T1-17.JPG;12/13/2022;1208;T1;MERMAID Reef Survey;;;;;;;;;;;;;;3433;1276;SGR
MB28-T1-17.JPG;12/13/2022;1208;T1;MERMAID Reef Survey;;;;;;;;;;;;;;3308;2066;SGR
MB28-T1-17.JPG;12/13/2022;1208;T1;MERMAID Reef Survey;;;;;;;;;;;;;;3319;1925;SND
MB28-T1-17.JPG;12/13/2022;1208;T1;MERMAID Reef Survey;;;;;;;;;;;;;;3314;1899;SND
MB28-T1-17.JPG;12/13/2022;1208;T1;MERMAID Reef Survey;;;;;;;;;;;;;;3491;2570;SND
MB28-T1-18.JPG;12/13/2022;1208;T1;MERMAID Reef Survey;;;;;;;;;;;;;;642;202;AHAL
MB28-T1-18.JPG;12/13/2022;1208;T1;MERMAID Reef Survey;;;;;;;;;;;;;;193;601;AHAL
MB28-T1-18.JPG;12/13/2022;1208;T1;MERMAID Reef Survey;;;;;;;;;;;;;;506;1347;ATRF
MB28-T1-18.JPG;12/13/2022;1208;T1;MERMAID Reef Survey;;;;;;;;;;;;;;695;2676;ATRF
MB28-T1-18.JPG;12/13/2022;1208;T1;MERMAID Reef Survey;;;;;;;;;;;;;;403;3159;ATRF
MB28-T1-18.JPG;12/13/2022;1208;T1;MERMAID Reef Survey;;;;;;;;;;;;;;751;220;AHAL
MB28-T1-18.JPG;12/13/2022;1208;T1;MERMAID Reef Survey;;;;;;;;;;;;;;814;1717;porB
MB28-T1-18.JPG;12/13/2022;1208;T1;MERMAID Reef Survey;;;;;;;;;;;;;;1385;2707;AMAC
MB28-T1-18.JPG;12/13/2022;1208;T1;MERMAID Reef Survey;;;;;;;;;;;;;;1320;3094;SND
MB28-T1-18.JPG;12/13/2022;1208;T1;MERMAID Reef Survey;;;;;;;;;;;;;;778;3339;SGR
MB28-T1-18.JPG;12/13/2022;1208;T1;MERMAID Reef Survey;;;;;;;;;;;;;;2076;981;ATRF
MB28-T1-18.JPG;12/13/2022;1208;T1;MERMAID Reef Survey;;;;;;;;;;;;;;2101;1273;ATRF
MB28-T1-18.JPG;12/13/2022;1208;T1;MERMAID Reef Survey;;;;;;;;;;;;;;1494;1303;ATRF
MB28-T1-18.JPG;12/13/2022;1208;T1;MERMAID Reef Survey;;;;;;;;;;;;;;2044;1144;ATRF
MB28-T1-18.JPG;12/13/2022;1208;T1;MERMAID Reef Survey;;;;;;;;;;;;;;1504;2223;porB
MB28-T1-18.JPG;12/13/2022;1208;T1;MERMAID Reef Survey;;;;;;;;;;;;;;1536;3099;SGR
MB28-T1-18.JPG;12/13/2022;1208;T1;MERMAID Reef Survey;;;;;;;;;;;;;;2248;691;ATRF
MB28-T1-18.JPG;12/13/2022;1208;T1;MERMAID Reef Survey;;;;;;;;;;;;;;2706;455;SGR
MB28-T1-18.JPG;12/13/2022;1208;T1;MERMAID Reef Survey;;;;;;;;;;;;;;2317;397;ATRF
MB28-T1-18.JPG;12/13/2022;1208;T1;MERMAID Reef Survey;;;;;;;;;;;;;;3082;398;AHAL
MB28-T1-18.JPG;12/13/2022;1208;T1;MERMAID Reef Survey;;;;;;;;;;;;;;3405;338;AHAL
MB28-T1-18.JPG;12/13/2022;1208;T1;MERMAID Reef Survey;;;;;;;;;;;;;;3539;3293;SGR
MB28-T1-18.JPG;12/13/2022;1208;T1;MERMAID Reef Survey;;;;;;;;;;;;;;3527;3116;SGR
MB28-T1-18.JPG;12/13/2022;1208;T1;MERMAID Reef Survey;;;;;;;;;;;;;;2989;3092;SGR
MB28-T1-18.JPG;12/13/2022;1208;T1;MERMAID Reef Survey;;;;;;;;;;;;;;3098;3471;SGR
MB28-T1-19.JPG;12/13/2022;1208;T1;MERMAID Reef Survey;;;;;;;;;;;;;;342;1362;ATRF
MB28-T1-19.JPG;12/13/2022;1208;T1;MERMAID Reef Survey;;;;;;;;;;;;;;55;2032;Lbp
MB28-T1-19.JPG;12/13/2022;1208;T1;MERMAID Reef Survey;;;;;;;;;;;;;;556;1878;AMAC
MB28-T1-19.JPG;12/13/2022;1208;T1;MERMAID Reef Survey;;;;;;;;;;;;;;123;2279;mad
MB28-T1-19.JPG;12/13/2022;1208;T1;MERMAID Reef Survey;;;;;;;;;;;;;;54;2376;mer
MB28-T1-19.JPG;12/13/2022;1208;T1;MERMAID Reef Survey;;;;;;;;;;;;;;24;2682;mic
MB28-T1-19.JPG;12/13/2022;1208;T1;MERMAID Reef Survey;;;;;;;;;;;;;;1393;345;mil
MB28-T1-19.JPG;12/13/2022;1208;T1;MERMAID Reef Survey;;;;;;;;;;;;;;966;505;Moll
MB28-T1-19.JPG;12/13/2022;1208;T1;MERMAID Reef Survey;;;;;;;;;;;;;;1008;213;mon
MB28-T1-19.JPG;12/13/2022;1208;T1;MERMAID Reef Survey;;;;;;;;;;;;;;1153;1101;mtp
MB28-T1-19.JPG;12/13/2022;1208;T1;MERMAID Reef Survey;;;;;;;;;;;;;;1071;892;myc
MB28-T1-19.JPG;12/13/2022;1208;T1;MERMAID Reef Survey;;;;;;;;;;;;;;1044;1743;SND
MB28-T1-19.JPG;12/13/2022;1208;T1;MERMAID Reef Survey;;;;;;;;;;;;;;1510;1672;SND
MB28-T1-19.JPG;12/13/2022;1208;T1;MERMAID Reef Survey;;;;;;;;;;;;;;1990;1891;fun
MB28-T1-19.JPG;12/13/2022;1208;T1;MERMAID Reef Survey;;;;;;;;;;;;;;1943;1847;fun
MB28-T1-19.JPG;12/13/2022;1208;T1;MERMAID Reef Survey;;;;;;;;;;;;;;1553;2534;ATRF
MB28-T1-19.JPG;12/13/2022;1208;T1;MERMAID Reef Survey;;;;;;;;;;;;;;1513;2831;ACOR
MB28-T1-19.JPG;12/13/2022;1208;T1;MERMAID Reef Survey;;;;;;;;;;;;;;1965;2876;ATRF
MB28-T1-19.JPG;12/13/2022;1208;T1;MERMAID Reef Survey;;;;;;;;;;;;;;2734;3489;ATRF
MB28-T1-19.JPG;12/13/2022;1208;T1;MERMAID Reef Survey;;;;;;;;;;;;;;3224;509;SND
MB28-T1-19.JPG;12/13/2022;1208;T1;MERMAID Reef Survey;;;;;;;;;;;;;;2935;1177;SND
MB28-T1-19.JPG;12/13/2022;1208;T1;MERMAID Reef Survey;;;;;;;;;;;;;;3076;871;SND
MB28-T1-19.JPG;12/13/2022;1208;T1;MERMAID Reef Survey;;;;;;;;;;;;;;3186;2559;SND
MB28-T1-19.JPG;12/13/2022;1208;T1;MERMAID Reef Survey;;;;;;;;;;;;;;3442;3180;SND
MB28-T1-19.JPG;12/13/2022;1208;T1;MERMAID Reef Survey;;;;;;;;;;;;;;3511;3011;SND
MB28-T1-20.JPG;12/13/2022;1208;T1;MERMAID Reef Survey;;;;;;;;;;;;;;506;26;Cmorph
MB28-T1-20.JPG;12/13/2022;1208;T1;MERMAID Reef Survey;;;;;;;;;;;;;;620;520;dps
MB28-T1-20.JPG;12/13/2022;1208;T1;MERMAID Reef Survey;;;;;;;;;;;;;;446;731;ATRF
MB28-T1-20.JPG;12/13/2022;1208;T1;MERMAID Reef Survey;;;;;;;;;;;;;;705;2423;porM
MB28-T1-20.JPG;12/13/2022;1208;T1;MERMAID Reef Survey;;;;;;;;;;;;;;444;3372;porM
MB28-T1-20.JPG;12/13/2022;1208;T1;MERMAID Reef Survey;;;;;;;;;;;;;;411;3241;porM
MB28-T1-20.JPG;12/13/2022;1208;T1;MERMAID Reef Survey;;;;;;;;;;;;;;738;471;ATRF
MB28-T1-20.JPG;12/13/2022;1208;T1;MERMAID Reef Survey;;;;;;;;;;;;;;976;774;ATRF
MB28-T1-20.JPG;12/13/2022;1208;T1;MERMAID Reef Survey;;;;;;;;;;;;;;870;2849;porM
MB28-T1-20.JPG;12/13/2022;1208;T1;MERMAID Reef Survey;;;;;;;;;;;;;;927;3367;porM
MB28-T1-20.JPG;12/13/2022;1208;T1;MERMAID Reef Survey;;;;;;;;;;;;;;2105;51;Anem
MB28-T1-20.JPG;12/13/2022;1208;T1;MERMAID Reef Survey;;;;;;;;;;;;;;2103;912;ano
MB28-T1-20.JPG;12/13/2022;1208;T1;MERMAID Reef Survey;;;;;;;;;;;;;;1821;1819;Ascd
MB28-T1-20.JPG;12/13/2022;1208;T1;MERMAID Reef Survey;;;;;;;;;;;;;;1929;2645;ast
MB28-T1-20.JPG;12/13/2022;1208;T1;MERMAID Reef Survey;;;;;;;;;;;;;;1614;3077;BS
MB28-T1-20.JPG;12/13/2022;1208;T1;MERMAID Reef Survey;;;;;;;;;;;;;;1613;3551;bla
MB28-T1-20.JPG;12/13/2022;1208;T1;MERMAID Reef Survey;;;;;;;;;;;;;;2158;47;cau
MB28-T1-20.JPG;12/13/2022;1208;T1;MERMAID Reef Survey;;;;;;;;;;;;;;2285;145;cla
MB28-T1-20.JPG;12/13/2022;1208;T1;MERMAID Reef Survey;;;;;;;;;;;;;;2307;421;coe
MB28-T1-20.JPG;12/13/2022;1208;T1;MERMAID Reef Survey;;;;;;;;;;;;;;2179;2094;Cmorph
MB28-T1-20.JPG;12/13/2022;1208;T1;MERMAID Reef Survey;;;;;;;;;;;;;;2531;2632;cos
MB28-T1-20.JPG;12/13/2022;1208;T1;MERMAID Reef Survey;;;;;;;;;;;;;;2644;2532;SND
MB28-T1-20.JPG;12/13/2022;1208;T1;MERMAID Reef Survey;;;;;;;;;;;;;;2358;3170;Spog
MB28-T1-20.JPG;12/13/2022;1208;T1;MERMAID Reef Survey;;;;;;;;;;;;;;3258;1169;ATRF
MB28-T1-20.JPG;12/13/2022;1208;T1;MERMAID Reef Survey;;;;;;;;;;;;;;3199;1148;ATRF
MB28-T1-21.JPG;12/13/2022;1208;T1;MERMAID Reef Survey;;;;;;;;;;;;;;493;1155;acr
MB28-T1-21.JPG;12/13/2022;1208;T1;MERMAID Reef Survey;;;;;;;;;;;;;;171;2779;ACOR
MB28-T1-21.JPG;12/13/2022;1208;T1;MERMAID Reef Survey;;;;;;;;;;;;;;597;2373;pls
MB28-T1-21.JPG;12/13/2022;1208;T1;MERMAID Reef Survey;;;;;;;;;;;;;;428;2947;ser
MB28-T1-21.JPG;12/13/2022;1208;T1;MERMAID Reef Survey;;;;;;;;;;;;;;912;277;acr
MB28-T1-21.JPG;12/13/2022;1208;T1;MERMAID Reef Survey;;;;;;;;;;;;;;1033;1329;ATRF
MB28-T1-21.JPG;12/13/2022;1208;T1;MERMAID Reef Survey;;;;;;;;;;;;;;717;1809;ATRF
MB28-T1-21.JPG;12/13/2022;1208;T1;MERMAID Reef Survey;;;;;;;;;;;;;;1081;1878;ATRF
MB28-T1-21.JPG;12/13/2022;1208;T1;MERMAID Reef Survey;;;;;;;;;;;;;;865;1893;AHAL
MB28-T1-21.JPG;12/13/2022;1208;T1;MERMAID Reef Survey;;;;;;;;;;;;;;1121;2694;ATRF
MB28-T1-21.JPG;12/13/2022;1208;T1;MERMAID Reef Survey;;;;;;;;;;;;;;882;2431;ATRF
MB28-T1-21.JPG;12/13/2022;1208;T1;MERMAID Reef Survey;;;;;;;;;;;;;;838;3385;OBS
MB28-T1-21.JPG;12/13/2022;1208;T1;MERMAID Reef Survey;;;;;;;;;;;;;;1903;349;AHAL
MB28-T1-21.JPG;12/13/2022;1208;T1;MERMAID Reef Survey;;;;;;;;;;;;;;1465;391;acr
MB28-T1-21.JPG;12/13/2022;1208;T1;MERMAID Reef Survey;;;;;;;;;;;;;;1742;3318;ATRF
MB28-T1-21.JPG;12/13/2022;1208;T1;MERMAID Reef Survey;;;;;;;;;;;;;;1882;2986;ATRF
MB28-T1-21.JPG;12/13/2022;1208;T1;MERMAID Reef Survey;;;;;;;;;;;;;;2569;1127;ATRF
MB28-T1-21.JPG;12/13/2022;1208;T1;MERMAID Reef Survey;;;;;;;;;;;;;;2584;1681;ACOR
MB28-T1-21.JPG;12/13/2022;1208;T1;MERMAID Reef Survey;;;;;;;;;;;;;;2579;2496;ATRF
MB28-T1-21.JPG;12/13/2022;1208;T1;MERMAID Reef Survey;;;;;;;;;;;;;;2191;2345;ATRF
MB28-T1-21.JPG;12/13/2022;1208;T1;MERMAID Reef Survey;;;;;;;;;;;;;;2637;2934;ATRF
MB28-T1-21.JPG;12/13/2022;1208;T1;MERMAID Reef Survey;;;;;;;;;;;;;;2329;3314;ATRF
MB28-T1-21.JPG;12/13/2022;1208;T1;MERMAID Reef Survey;;;;;;;;;;;;;;2994;516;ATRF
MB28-T1-21.JPG;12/13/2022;1208;T1;MERMAID Reef Survey;;;;;;;;;;;;;;2924;2626;ATRF
MB28-T1-21.JPG;12/13/2022;1208;T1;MERMAID Reef Survey;;;;;;;;;;;;;;3222;3368;SGR
MB28-T1-22.JPG;12/13/2022;1208;T1;MERMAID Reef Survey;;;;;;;;;;;;;;670;1815;SGR
MB28-T1-22.JPG;12/13/2022;1208;T1;MERMAID Reef Survey;;;;;;;;;;;;;;738;1270;SGR
MB28-T1-22.JPG;12/13/2022;1208;T1;MERMAID Reef Survey;;;;;;;;;;;;;;951;2125;SGR
MB28-T1-22.JPG;12/13/2022;1208;T1;MERMAID Reef Survey;;;;;;;;;;;;;;1039;2020;SGR
MB28-T1-22.JPG;12/13/2022;1208;T1;MERMAID Reef Survey;;;;;;;;;;;;;;899;2715;SGR
MB28-T1-22.JPG;12/13/2022;1208;T1;MERMAID Reef Survey;;;;;;;;;;;;;;903;2912;SGR
MB28-T1-22.JPG;12/13/2022;1208;T1;MERMAID Reef Survey;;;;;;;;;;;;;;864;2851;SGR
MB28-T1-22.JPG;12/13/2022;1208;T1;MERMAID Reef Survey;;;;;;;;;;;;;;1319;3536;SGR
MB28-T1-22.JPG;12/13/2022;1208;T1;MERMAID Reef Survey;;;;;;;;;;;;;;1574;1097;SGR
MB28-T1-22.JPG;12/13/2022;1208;T1;MERMAID Reef Survey;;;;;;;;;;;;;;1426;960;SGR
MB28-T1-22.JPG;12/13/2022;1208;T1;MERMAID Reef Survey;;;;;;;;;;;;;;1431;1742;SGR
MB28-T1-22.JPG;12/13/2022;1208;T1;MERMAID Reef Survey;;;;;;;;;;;;;;1953;1445;SGR
MB28-T1-22.JPG;12/13/2022;1208;T1;MERMAID Reef Survey;;;;;;;;;;;;;;1977;1996;SGR
MB28-T1-22.JPG;12/13/2022;1208;T1;MERMAID Reef Survey;;;;;;;;;;;;;;1740;2308;SGR
MB28-T1-22.JPG;12/13/2022;1208;T1;MERMAID Reef Survey;;;;;;;;;;;;;;1609;3027;SGR
MB28-T1-22.JPG;12/13/2022;1208;T1;MERMAID Reef Survey;;;;;;;;;;;;;;1604;3307;SGR
MB28-T1-22.JPG;12/13/2022;1208;T1;MERMAID Reef Survey;;;;;;;;;;;;;;2221;272;SGR
MB28-T1-22.JPG;12/13/2022;1208;T1;MERMAID Reef Survey;;;;;;;;;;;;;;2294;1174;SGR
MB28-T1-22.JPG;12/13/2022;1208;T1;MERMAID Reef Survey;;;;;;;;;;;;;;2316;1842;SGR
MB28-T1-22.JPG;12/13/2022;1208;T1;MERMAID Reef Survey;;;;;;;;;;;;;;2509;1618;SGR
MB28-T1-22.JPG;12/13/2022;1208;T1;MERMAID Reef Survey;;;;;;;;;;;;;;2309;3045;SGR
MB28-T1-22.JPG;12/13/2022;1208;T1;MERMAID Reef Survey;;;;;;;;;;;;;;2292;3497;SGR
MB28-T1-22.JPG;12/13/2022;1208;T1;MERMAID Reef Survey;;;;;;;;;;;;;;3361;2827;SGR
MB28-T1-22.JPG;12/13/2022;1208;T1;MERMAID Reef Survey;;;;;;;;;;;;;;3442;2994;SGR
MB28-T1-22.JPG;12/13/2022;1208;T1;MERMAID Reef Survey;;;;;;;;;;;;;;3113;2971;SGR
MB28-T1-23.JPG;12/13/2022;1208;T1;MERMAID Reef Survey;;;;;;;;;;;;;;667;777;SGR
MB28-T1-23.JPG;12/13/2022;1208;T1;MERMAID Reef Survey;;;;;;;;;;;;;;1393;659;SGR
MB28-T1-23.JPG;12/13/2022;1208;T1;MERMAID Reef Survey;;;;;;;;;;;;;;1325;1170;SGR
MB28-T1-23.JPG;12/13/2022;1208;T1;MERMAID Reef Survey;;;;;;;;;;;;;;873;1857;SGR
MB28-T1-23.JPG;12/13/2022;1208;T1;MERMAID Reef Survey;;;;;;;;;;;;;;877;2702;SGR
MB28-T1-23.JPG;12/13/2022;1208;T1;MERMAID Reef Survey;;;;;;;;;;;;;;989;2410;SGR
MB28-T1-23.JPG;12/13/2022;1208;T1;MERMAID Reef Survey;;;;;;;;;;;;;;1354;3290;SGR
MB28-T1-23.JPG;12/13/2022;1208;T1;MERMAID Reef Survey;;;;;;;;;;;;;;1739;393;SGR
MB28-T1-23.JPG;12/13/2022;1208;T1;MERMAID Reef Survey;;;;;;;;;;;;;;1674;200;SGR
MB28-T1-23.JPG;12/13/2022;1208;T1;MERMAID Reef Survey;;;;;;;;;;;;;;2043;178;ATRF
MB28-T1-23.JPG;12/13/2022;1208;T1;MERMAID Reef Survey;;;;;;;;;;;;;;1470;1965;SGR
MB28-T1-23.JPG;12/13/2022;1208;T1;MERMAID Reef Survey;;;;;;;;;;;;;;1552;2514;SGR
MB28-T1-23.JPG;12/13/2022;1208;T1;MERMAID Reef Survey;;;;;;;;;;;;;;1914;2659;SND
MB28-T1-23.JPG;12/13/2022;1208;T1;MERMAID Reef Survey;;;;;;;;;;;;;;1756;2510;SGR
MB28-T1-23.JPG;12/13/2022;1208;T1;MERMAID Reef Survey;;;;;;;;;;;;;;1542;3456;SGR
MB28-T1-23.JPG;12/13/2022;1208;T1;MERMAID Reef Survey;;;;;;;;;;;;;;2765;520;SND
MB28-T1-23.JPG;12/13/2022;1208;T1;MERMAID Reef Survey;;;;;;;;;;;;;;2660;57;SGR
MB28-T1-23.JPG;12/13/2022;1208;T1;MERMAID Reef Survey;;;;;;;;;;;;;;2733;2338;SND
MB28-T1-23.JPG;12/13/2022;1208;T1;MERMAID Reef Survey;;;;;;;;;;;;;;2702;3210;SND
MB28-T1-23.JPG;12/13/2022;1208;T1;MERMAID Reef Survey;;;;;;;;;;;;;;3006;645;SND
MB28-T1-23.JPG;12/13/2022;1208;T1;MERMAID Reef Survey;;;;;;;;;;;;;;3013;66;SGR
MB28-T1-23.JPG;12/13/2022;1208;T1;MERMAID Reef Survey;;;;;;;;;;;;;;3001;2698;ATRF
MB28-T1-23.JPG;12/13/2022;1208;T1;MERMAID Reef Survey;;;;;;;;;;;;;;2974;2436;SND
MB28-T1-23.JPG;12/13/2022;1208;T1;MERMAID Reef Survey;;;;;;;;;;;;;;2852;2305;ATRF
MB28-T1-23.JPG;12/13/2022;1208;T1;MERMAID Reef Survey;;;;;;;;;;;;;;3228;2907;ATRF
MB28-T1-24.JPG;12/13/2022;1208;T1;MERMAID Reef Survey;;;;;;;;;;;;;;395;1416;ATRF
MB28-T1-24.JPG;12/13/2022;1208;T1;MERMAID Reef Survey;;;;;;;;;;;;;;451;1920;ACOR
MB28-T1-24.JPG;12/13/2022;1208;T1;MERMAID Reef Survey;;;;;;;;;;;;;;508;1501;ATRF
MB28-T1-24.JPG;12/13/2022;1208;T1;MERMAID Reef Survey;;;;;;;;;;;;;;908;396;porM
MB28-T1-24.JPG;12/13/2022;1208;T1;MERMAID Reef Survey;;;;;;;;;;;;;;892;196;SND
MB28-T1-24.JPG;12/13/2022;1208;T1;MERMAID Reef Survey;;;;;;;;;;;;;;1254;1621;SGR
MB28-T1-24.JPG;12/13/2022;1208;T1;MERMAID Reef Survey;;;;;;;;;;;;;;1357;1842;porB
MB28-T1-24.JPG;12/13/2022;1208;T1;MERMAID Reef Survey;;;;;;;;;;;;;;818;1749;ATRF
MB28-T1-24.JPG;12/13/2022;1208;T1;MERMAID Reef Survey;;;;;;;;;;;;;;1229;2528;porB
MB28-T1-24.JPG;12/13/2022;1208;T1;MERMAID Reef Survey;;;;;;;;;;;;;;1372;3367;porM
MB28-T1-24.JPG;12/13/2022;1208;T1;MERMAID Reef Survey;;;;;;;;;;;;;;1253;2965;porB
MB28-T1-24.JPG;12/13/2022;1208;T1;MERMAID Reef Survey;;;;;;;;;;;;;;1896;269;SND
MB28-T1-24.JPG;12/13/2022;1208;T1;MERMAID Reef Survey;;;;;;;;;;;;;;1559;1313;SND
MB28-T1-24.JPG;12/13/2022;1208;T1;MERMAID Reef Survey;;;;;;;;;;;;;;1688;986;Cmorph
MB28-T1-24.JPG;12/13/2022;1208;T1;MERMAID Reef Survey;;;;;;;;;;;;;;1428;1712;porB
MB28-T1-24.JPG;12/13/2022;1208;T1;MERMAID Reef Survey;;;;;;;;;;;;;;1571;2748;Anem
MB28-T1-24.JPG;12/13/2022;1208;T1;MERMAID Reef Survey;;;;;;;;;;;;;;1809;3269;ano
MB28-T1-24.JPG;12/13/2022;1208;T1;MERMAID Reef Survey;;;;;;;;;;;;;;1538;2969;Ascd
MB28-T1-24.JPG;12/13/2022;1208;T1;MERMAID Reef Survey;;;;;;;;;;;;;;2181;2151;ast
MB28-T1-24.JPG;12/13/2022;1208;T1;MERMAID Reef Survey;;;;;;;;;;;;;;2613;3545;BS
MB28-T1-24.JPG;12/13/2022;1208;T1;MERMAID Reef Survey;;;;;;;;;;;;;;2788;2855;bla
MB28-T1-24.JPG;12/13/2022;1208;T1;MERMAID Reef Survey;;;;;;;;;;;;;;3093;1164;cau
MB28-T1-24.JPG;12/13/2022;1208;T1;MERMAID Reef Survey;;;;;;;;;;;;;;3194;1971;cla
MB28-T1-24.JPG;12/13/2022;1208;T1;MERMAID Reef Survey;;;;;;;;;;;;;;3315;2409;coe
MB28-T1-24.JPG;12/13/2022;1208;T1;MERMAID Reef Survey;;;;;;;;;;;;;;2992;3166;Cmorph
MB28-T1-25.JPG;12/13/2022;1208;T1;MERMAID Reef Survey;;;;;;;;;;;;;;181;308;cos
MB28-T1-25.JPG;12/13/2022;1208;T1;MERMAID Reef Survey;;;;;;;;;;;;;;1382;406;gal
MB28-T1-25.JPG;12/13/2022;1208;T1;MERMAID Reef Survey;;;;;;;;;;;;;;1394;1624;porB
MB28-T1-25.JPG;12/13/2022;1208;T1;MERMAID Reef Survey;;;;;;;;;;;;;;827;3376;ACOR
MB28-T1-25.JPG;12/13/2022;1208;T1;MERMAID Reef Survey;;;;;;;;;;;;;;1378;2857;porB
MB28-T1-25.JPG;12/13/2022;1208;T1;MERMAID Reef Survey;;;;;;;;;;;;;;1572;1401;porB
MB28-T1-25.JPG;12/13/2022;1208;T1;MERMAID Reef Survey;;;;;;;;;;;;;;1887;2075;TWS
MB28-T1-25.JPG;12/13/2022;1208;T1;MERMAID Reef Survey;;;;;;;;;;;;;;1913;2566;AHAL
MB28-T1-25.JPG;12/13/2022;1208;T1;MERMAID Reef Survey;;;;;;;;;;;;;;1905;3022;AMAC
MB28-T1-25.JPG;12/13/2022;1208;T1;MERMAID Reef Survey;;;;;;;;;;;;;;1709;3188;epo
MB28-T1-25.JPG;12/13/2022;1208;T1;MERMAID Reef Survey;;;;;;;;;;;;;;1724;3401;epo
MB28-T1-25.JPG;12/13/2022;1208;T1;MERMAID Reef Survey;;;;;;;;;;;;;;2642;208;ATRF
MB28-T1-25.JPG;12/13/2022;1208;T1;MERMAID Reef Survey;;;;;;;;;;;;;;2700;1314;DC
MB28-T1-25.JPG;12/13/2022;1208;T1;MERMAID Reef Survey;;;;;;;;;;;;;;2235;1267;porM
MB28-T1-25.JPG;12/13/2022;1208;T1;MERMAID Reef Survey;;;;;;;;;;;;;;2577;2130;ATRF
MB28-T1-25.JPG;12/13/2022;1208;T1;MERMAID Reef Survey;;;;;;;;;;;;;;2550;1683;ATRF
MB28-T1-25.JPG;12/13/2022;1208;T1;MERMAID Reef Survey;;;;;;;;;;;;;;2715;2725;porM
MB28-T1-25.JPG;12/13/2022;1208;T1;MERMAID Reef Survey;;;;;;;;;;;;;;2462;2312;AMAC
MB28-T1-25.JPG;12/13/2022;1208;T1;MERMAID Reef Survey;;;;;;;;;;;;;;2759;3025;porM
MB28-T1-25.JPG;12/13/2022;1208;T1;MERMAID Reef Survey;;;;;;;;;;;;;;3266;452;pla
MB28-T1-25.JPG;12/13/2022;1208;T1;MERMAID Reef Survey;;;;;;;;;;;;;;3425;1220;acr
MB28-T1-25.JPG;12/13/2022;1208;T1;MERMAID Reef Survey;;;;;;;;;;;;;;3319;852;plg
MB28-T1-25.JPG;12/13/2022;1208;T1;MERMAID Reef Survey;;;;;;;;;;;;;;3204;2100;TWS
MB28-T1-25.JPG;12/13/2022;1208;T1;MERMAID Reef Survey;;;;;;;;;;;;;;3008;2680;porM
MB28-T1-25.JPG;12/13/2022;1208;T1;MERMAID Reef Survey;;;;;;;;;;;;;;3135;3395;porM
MB28-T2-01.JPG;12/13/2022;1208;T2;MERMAID Reef Survey;;;;;;;;;;;;;;680;367;SGR
MB28-T2-01.JPG;12/13/2022;1208;T2;MERMAID Reef Survey;;;;;;;;;;;;;;673;1160;SGR
MB28-T2-01.JPG;12/13/2022;1208;T2;MERMAID Reef Survey;;;;;;;;;;;;;;379;1353;SGR
MB28-T2-01.JPG;12/13/2022;1208;T2;MERMAID Reef Survey;;;;;;;;;;;;;;373;1533;SGR
MB28-T2-01.JPG;12/13/2022;1208;T2;MERMAID Reef Survey;;;;;;;;;;;;;;620;1997;aca
MB28-T2-01.JPG;12/13/2022;1208;T2;MERMAID Reef Survey;;;;;;;;;;;;;;314;2045;acr
MB28-T2-01.JPG;12/13/2022;1208;T2;MERMAID Reef Survey;;;;;;;;;;;;;;280;1691;aga
MB28-T2-01.JPG;12/13/2022;1208;T2;MERMAID Reef Survey;;;;;;;;;;;;;;211;2867;alv
MB28-T2-01.JPG;12/13/2022;1208;T2;MERMAID Reef Survey;;;;;;;;;;;;;;1328;1252;Anem
MB28-T2-01.JPG;12/13/2022;1208;T2;MERMAID Reef Survey;;;;;;;;;;;;;;1335;1494;ano
MB28-T2-01.JPG;12/13/2022;1208;T2;MERMAID Reef Survey;;;;;;;;;;;;;;819;1900;Ascd
MB28-T2-01.JPG;12/13/2022;1208;T2;MERMAID Reef Survey;;;;;;;;;;;;;;1371;1482;ast
MB28-T2-01.JPG;12/13/2022;1208;T2;MERMAID Reef Survey;;;;;;;;;;;;;;1132;1652;BS
MB28-T2-01.JPG;12/13/2022;1208;T2;MERMAID Reef Survey;;;;;;;;;;;;;;1338;2312;AMAC
MB28-T2-01.JPG;12/13/2022;1208;T2;MERMAID Reef Survey;;;;;;;;;;;;;;1611;2751;SGR
MB28-T2-01.JPG;12/13/2022;1208;T2;MERMAID Reef Survey;;;;;;;;;;;;;;1704;2677;SGR
MB28-T2-01.JPG;12/13/2022;1208;T2;MERMAID Reef Survey;;;;;;;;;;;;;;2054;3154;SGR
MB28-T2-01.JPG;12/13/2022;1208;T2;MERMAID Reef Survey;;;;;;;;;;;;;;2833;1628;SGR
MB28-T2-01.JPG;12/13/2022;1208;T2;MERMAID Reef Survey;;;;;;;;;;;;;;2264;2213;SGR
MB28-T2-01.JPG;12/13/2022;1208;T2;MERMAID Reef Survey;;;;;;;;;;;;;;2273;2728;SGR
MB28-T2-01.JPG;12/13/2022;1208;T2;MERMAID Reef Survey;;;;;;;;;;;;;;2941;1263;SGR
MB28-T2-01.JPG;12/13/2022;1208;T2;MERMAID Reef Survey;;;;;;;;;;;;;;2959;1024;SGR
MB28-T2-01.JPG;12/13/2022;1208;T2;MERMAID Reef Survey;;;;;;;;;;;;;;3323;832;aca
MB28-T2-01.JPG;12/13/2022;1208;T2;MERMAID Reef Survey;;;;;;;;;;;;;;3494;3439;acr
MB28-T2-01.JPG;12/13/2022;1208;T2;MERMAID Reef Survey;;;;;;;;;;;;;;3053;3402;aga
MB28-T2-02.JPG;12/13/2022;1208;T2;MERMAID Reef Survey;;;;;;;;;;;;;;400;1153;alv
MB28-T2-02.JPG;12/13/2022;1208;T2;MERMAID Reef Survey;;;;;;;;;;;;;;379;1960;Anem
MB28-T2-02.JPG;12/13/2022;1208;T2;MERMAID Reef Survey;;;;;;;;;;;;;;61;2021;ano
MB28-T2-02.JPG;12/13/2022;1208;T2;MERMAID Reef Survey;;;;;;;;;;;;;;43;3260;Ascd
MB28-T2-02.JPG;12/13/2022;1208;T2;MERMAID Reef Survey;;;;;;;;;;;;;;859;560;ast
MB28-T2-02.JPG;12/13/2022;1208;T2;MERMAID Reef Survey;;;;;;;;;;;;;;872;562;BS
MB28-T2-02.JPG;12/13/2022;1208;T2;MERMAID Reef Survey;;;;;;;;;;;;;;1322;266;porM
MB28-T2-02.JPG;12/13/2022;1208;T2;MERMAID Reef Survey;;;;;;;;;;;;;;1357;2262;AMAC
MB28-T2-02.JPG;12/13/2022;1208;T2;MERMAID Reef Survey;;;;;;;;;;;;;;1612;130;porM
MB28-T2-02.JPG;12/13/2022;1208;T2;MERMAID Reef Survey;;;;;;;;;;;;;;1996;886;AMAC
MB28-T2-02.JPG;12/13/2022;1208;T2;MERMAID Reef Survey;;;;;;;;;;;;;;1853;1063;Cmorph
MB28-T2-02.JPG;12/13/2022;1208;T2;MERMAID Reef Survey;;;;;;;;;;;;;;1502;1127;porM
MB28-T2-02.JPG;12/13/2022;1208;T2;MERMAID Reef Survey;;;;;;;;;;;;;;1473;1690;porM
MB28-T2-02.JPG;12/13/2022;1208;T2;MERMAID Reef Survey;;;;;;;;;;;;;;2742;722;porM
MB28-T2-02.JPG;12/13/2022;1208;T2;MERMAID Reef Survey;;;;;;;;;;;;;;2186;962;dip
MB28-T2-02.JPG;12/13/2022;1208;T2;MERMAID Reef Survey;;;;;;;;;;;;;;2372;2615;dps
MB28-T2-02.JPG;12/13/2022;1208;T2;MERMAID Reef Survey;;;;;;;;;;;;;;2753;2405;eph
MB28-T2-02.JPG;12/13/2022;1208;T2;MERMAID Reef Survey;;;;;;;;;;;;;;3271;653;epo
MB28-T2-02.JPG;12/13/2022;1208;T2;MERMAID Reef Survey;;;;;;;;;;;;;;3207;947;eup
MB28-T2-02.JPG;12/13/2022;1208;T2;MERMAID Reef Survey;;;;;;;;;;;;;;3052;1094;fav
MB28-T2-02.JPG;12/13/2022;1208;T2;MERMAID Reef Survey;;;;;;;;;;;;;;2916;1672;fts
MB28-T2-02.JPG;12/13/2022;1208;T2;MERMAID Reef Survey;;;;;;;;;;;;;;3045;1930;fun
MB28-T2-02.JPG;12/13/2022;1208;T2;MERMAID Reef Survey;;;;;;;;;;;;;;3103;1625;gal
MB28-T2-02.JPG;12/13/2022;1208;T2;MERMAID Reef Survey;;;;;;;;;;;;;;3520;2606;ACOR
MB28-T2-02.JPG;12/13/2022;1208;T2;MERMAID Reef Survey;;;;;;;;;;;;;;3171;3244;SGR
MB28-T2-03.JPG;12/13/2022;1208;T2;MERMAID Reef Survey;;;;;;;;;;;;;;94;1838;Cmorph
MB28-T2-03.JPG;12/13/2022;1208;T2;MERMAID Reef Survey;;;;;;;;;;;;;;628;2241;Cmorph
MB28-T2-03.JPG;12/13/2022;1208;T2;MERMAID Reef Survey;;;;;;;;;;;;;;1041;2012;Cmorph
MB28-T2-03.JPG;12/13/2022;1208;T2;MERMAID Reef Survey;;;;;;;;;;;;;;724;2191;Cmorph
MB28-T2-03.JPG;12/13/2022;1208;T2;MERMAID Reef Survey;;;;;;;;;;;;;;1180;2334;Cmorph
MB28-T2-03.JPG;12/13/2022;1208;T2;MERMAID Reef Survey;;;;;;;;;;;;;;1320;2612;Cmorph
MB28-T2-03.JPG;12/13/2022;1208;T2;MERMAID Reef Survey;;;;;;;;;;;;;;1353;3370;Cmorph
MB28-T2-03.JPG;12/13/2022;1208;T2;MERMAID Reef Survey;;;;;;;;;;;;;;1078;3316;Cmorph
MB28-T2-03.JPG;12/13/2022;1208;T2;MERMAID Reef Survey;;;;;;;;;;;;;;2026;1307;BS
MB28-T2-03.JPG;12/13/2022;1208;T2;MERMAID Reef Survey;;;;;;;;;;;;;;1991;3160;Cmorph
MB28-T2-03.JPG;12/13/2022;1208;T2;MERMAID Reef Survey;;;;;;;;;;;;;;1901;2889;Cmorph
MB28-T2-03.JPG;12/13/2022;1208;T2;MERMAID Reef Survey;;;;;;;;;;;;;;2067;3504;ATRF
MB28-T2-03.JPG;12/13/2022;1208;T2;MERMAID Reef Survey;;;;;;;;;;;;;;2376;385;Spog
MB28-T2-03.JPG;12/13/2022;1208;T2;MERMAID Reef Survey;;;;;;;;;;;;;;2315;449;Cmorph
MB28-T2-03.JPG;12/13/2022;1208;T2;MERMAID Reef Survey;;;;;;;;;;;;;;2633;1358;Cmorph
MB28-T2-03.JPG;12/13/2022;1208;T2;MERMAID Reef Survey;;;;;;;;;;;;;;2210;993;AHAL
MB28-T2-03.JPG;12/13/2022;1208;T2;MERMAID Reef Survey;;;;;;;;;;;;;;2203;1427;ACOR
MB28-T2-03.JPG;12/13/2022;1208;T2;MERMAID Reef Survey;;;;;;;;;;;;;;2828;1652;Cmorph
MB28-T2-03.JPG;12/13/2022;1208;T2;MERMAID Reef Survey;;;;;;;;;;;;;;2441;2878;Cmorph
MB28-T2-03.JPG;12/13/2022;1208;T2;MERMAID Reef Survey;;;;;;;;;;;;;;2321;3482;dip
MB28-T2-03.JPG;12/13/2022;1208;T2;MERMAID Reef Survey;;;;;;;;;;;;;;2753;2844;dps
MB28-T2-03.JPG;12/13/2022;1208;T2;MERMAID Reef Survey;;;;;;;;;;;;;;2417;3537;eph
MB28-T2-03.JPG;12/13/2022;1208;T2;MERMAID Reef Survey;;;;;;;;;;;;;;2447;2939;epo
MB28-T2-03.JPG;12/13/2022;1208;T2;MERMAID Reef Survey;;;;;;;;;;;;;;2874;195;eup
MB28-T2-03.JPG;12/13/2022;1208;T2;MERMAID Reef Survey;;;;;;;;;;;;;;3227;2747;fav
MB28-T2-04.JPG;12/13/2022;1208;T2;MERMAID Reef Survey;;;;;;;;;;;;;;212;672;fts
MB28-T2-04.JPG;12/13/2022;1208;T2;MERMAID Reef Survey;;;;;;;;;;;;;;362;982;fun
MB28-T2-04.JPG;12/13/2022;1208;T2;MERMAID Reef Survey;;;;;;;;;;;;;;864;460;gal
MB28-T2-04.JPG;12/13/2022;1208;T2;MERMAID Reef Survey;;;;;;;;;;;;;;1291;528;AHAL
MB28-T2-04.JPG;12/13/2022;1208;T2;MERMAID Reef Survey;;;;;;;;;;;;;;1060;508;ACOR
MB28-T2-04.JPG;12/13/2022;1208;T2;MERMAID Reef Survey;;;;;;;;;;;;;;859;1158;ATRF
MB28-T2-04.JPG;12/13/2022;1208;T2;MERMAID Reef Survey;;;;;;;;;;;;;;1331;796;BS
MB28-T2-04.JPG;12/13/2022;1208;T2;MERMAID Reef Survey;;;;;;;;;;;;;;824;2231;porB
MB28-T2-04.JPG;12/13/2022;1208;T2;MERMAID Reef Survey;;;;;;;;;;;;;;942;2817;acr
MB28-T2-04.JPG;12/13/2022;1208;T2;MERMAID Reef Survey;;;;;;;;;;;;;;744;3228;porM
MB28-T2-04.JPG;12/13/2022;1208;T2;MERMAID Reef Survey;;;;;;;;;;;;;;888;3035;porM
MB28-T2-04.JPG;12/13/2022;1208;T2;MERMAID Reef Survey;;;;;;;;;;;;;;1758;155;ACOR
MB28-T2-04.JPG;12/13/2022;1208;T2;MERMAID Reef Survey;;;;;;;;;;;;;;1841;1780;ATRF
MB28-T2-04.JPG;12/13/2022;1208;T2;MERMAID Reef Survey;;;;;;;;;;;;;;2028;2578;porM
MB28-T2-04.JPG;12/13/2022;1208;T2;MERMAID Reef Survey;;;;;;;;;;;;;;1901;2816;Cmorph
MB28-T2-04.JPG;12/13/2022;1208;T2;MERMAID Reef Survey;;;;;;;;;;;;;;1932;2781;Cmorph
MB28-T2-04.JPG;12/13/2022;1208;T2;MERMAID Reef Survey;;;;;;;;;;;;;;1490;3101;OBS
MB28-T2-04.JPG;12/13/2022;1208;T2;MERMAID Reef Survey;;;;;;;;;;;;;;1620;3457;ACOR
MB28-T2-04.JPG;12/13/2022;1208;T2;MERMAID Reef Survey;;;;;;;;;;;;;;1558;3113;ACOR
MB28-T2-04.JPG;12/13/2022;1208;T2;MERMAID Reef Survey;;;;;;;;;;;;;;2405;2469;pav
MB28-T2-04.JPG;12/13/2022;1208;T2;MERMAID Reef Survey;;;;;;;;;;;;;;2669;2303;acr
MB28-T2-04.JPG;12/13/2022;1208;T2;MERMAID Reef Survey;;;;;;;;;;;;;;2604;3151;ACOR
MB28-T2-04.JPG;12/13/2022;1208;T2;MERMAID Reef Survey;;;;;;;;;;;;;;2261;3307;ACOR
MB28-T2-04.JPG;12/13/2022;1208;T2;MERMAID Reef Survey;;;;;;;;;;;;;;2847;642;ACOR
MB28-T2-04.JPG;12/13/2022;1208;T2;MERMAID Reef Survey;;;;;;;;;;;;;;2966;886;OBS
MB28-T2-05.JPG;12/13/2022;1208;T2;MERMAID Reef Survey;;;;;;;;;;;;;;266;306;SGR
MB28-T2-05.JPG;12/13/2022;1208;T2;MERMAID Reef Survey;;;;;;;;;;;;;;477;1491;SGR
MB28-T2-05.JPG;12/13/2022;1208;T2;MERMAID Reef Survey;;;;;;;;;;;;;;327;2827;SGR
MB28-T2-05.JPG;12/13/2022;1208;T2;MERMAID Reef Survey;;;;;;;;;;;;;;282;2175;SGR
MB28-T2-05.JPG;12/13/2022;1208;T2;MERMAID Reef Survey;;;;;;;;;;;;;;377;2409;SGR
MB28-T2-05.JPG;12/13/2022;1208;T2;MERMAID Reef Survey;;;;;;;;;;;;;;317;2312;SGR
MB28-T2-05.JPG;12/13/2022;1208;T2;MERMAID Reef Survey;;;;;;;;;;;;;;1364;508;sty
MB28-T2-05.JPG;12/13/2022;1208;T2;MERMAID Reef Survey;;;;;;;;;;;;;;984;2273;sym
MB28-T2-05.JPG;12/13/2022;1208;T2;MERMAID Reef Survey;;;;;;;;;;;;;;764;2623;TWS
MB28-T2-05.JPG;12/13/2022;1208;T2;MERMAID Reef Survey;;;;;;;;;;;;;;1338;2624;tra
MB28-T2-05.JPG;12/13/2022;1208;T2;MERMAID Reef Survey;;;;;;;;;;;;;;1994;565;tub
MB28-T2-05.JPG;12/13/2022;1208;T2;MERMAID Reef Survey;;;;;;;;;;;;;;1735;616;tup
MB28-T2-05.JPG;12/13/2022;1208;T2;MERMAID Reef Survey;;;;;;;;;;;;;;1831;130;tur
MB28-T2-05.JPG;12/13/2022;1208;T2;MERMAID Reef Survey;;;;;;;;;;;;;;1872;1690;ATRF
MB28-T2-05.JPG;12/13/2022;1208;T2;MERMAID Reef Survey;;;;;;;;;;;;;;1736;2949;UNID
MB28-T2-05.JPG;12/13/2022;1208;T2;MERMAID Reef Survey;;;;;;;;;;;;;;1723;3181;SGR
MB28-T2-05.JPG;12/13/2022;1208;T2;MERMAID Reef Survey;;;;;;;;;;;;;;2471;594;SGR
MB28-T2-05.JPG;12/13/2022;1208;T2;MERMAID Reef Survey;;;;;;;;;;;;;;2189;467;SGR
MB28-T2-05.JPG;12/13/2022;1208;T2;MERMAID Reef Survey;;;;;;;;;;;;;;2150;201;SGR
MB28-T2-05.JPG;12/13/2022;1208;T2;MERMAID Reef Survey;;;;;;;;;;;;;;2686;1056;SGR
MB28-T2-05.JPG;12/13/2022;1208;T2;MERMAID Reef Survey;;;;;;;;;;;;;;2280;1617;SGR
MB28-T2-05.JPG;12/13/2022;1208;T2;MERMAID Reef Survey;;;;;;;;;;;;;;2672;3334;SGR
MB28-T2-05.JPG;12/13/2022;1208;T2;MERMAID Reef Survey;;;;;;;;;;;;;;2854;1691;SGR
MB28-T2-05.JPG;12/13/2022;1208;T2;MERMAID Reef Survey;;;;;;;;;;;;;;3357;3334;SGR
MB28-T2-05.JPG;12/13/2022;1208;T2;MERMAID Reef Survey;;;;;;;;;;;;;;3040;3370;SGR
MB28-T2-06.JPG;12/13/2022;1208;T2;MERMAID Reef Survey;;;;;;;;;;;;;;384;565;SGR
MB28-T2-06.JPG;12/13/2022;1208;T2;MERMAID Reef Survey;;;;;;;;;;;;;;705;1355;AMAC
MB28-T2-06.JPG;12/13/2022;1208;T2;MERMAID Reef Survey;;;;;;;;;;;;;;152;801;SGR
MB28-T2-06.JPG;12/13/2022;1208;T2;MERMAID Reef Survey;;;;;;;;;;;;;;362;795;SGR
MB28-T2-06.JPG;12/13/2022;1208;T2;MERMAID Reef Survey;;;;;;;;;;;;;;22;1455;SGR
MB28-T2-06.JPG;12/13/2022;1208;T2;MERMAID Reef Survey;;;;;;;;;;;;;;150;2816;SGR
MB28-T2-06.JPG;12/13/2022;1208;T2;MERMAID Reef Survey;;;;;;;;;;;;;;129;3275;SGR
MB28-T2-06.JPG;12/13/2022;1208;T2;MERMAID Reef Survey;;;;;;;;;;;;;;78;3021;SGR
MB28-T2-06.JPG;12/13/2022;1208;T2;MERMAID Reef Survey;;;;;;;;;;;;;;17;2964;SGR
MB28-T2-06.JPG;12/13/2022;1208;T2;MERMAID Reef Survey;;;;;;;;;;;;;;832;313;SGR
MB28-T2-06.JPG;12/13/2022;1208;T2;MERMAID Reef Survey;;;;;;;;;;;;;;886;1199;ATRF
MB28-T2-06.JPG;12/13/2022;1208;T2;MERMAID Reef Survey;;;;;;;;;;;;;;1091;794;ATRF
MB28-T2-06.JPG;12/13/2022;1208;T2;MERMAID Reef Survey;;;;;;;;;;;;;;1241;2167;ACOR
MB28-T2-06.JPG;12/13/2022;1208;T2;MERMAID Reef Survey;;;;;;;;;;;;;;976;3420;SGR
MB28-T2-06.JPG;12/13/2022;1208;T2;MERMAID Reef Survey;;;;;;;;;;;;;;1488;557;ATRF
MB28-T2-06.JPG;12/13/2022;1208;T2;MERMAID Reef Survey;;;;;;;;;;;;;;1555;86;SGR
MB28-T2-06.JPG;12/13/2022;1208;T2;MERMAID Reef Survey;;;;;;;;;;;;;;1604;2102;poc
MB28-T2-06.JPG;12/13/2022;1208;T2;MERMAID Reef Survey;;;;;;;;;;;;;;1475;2463;ATRF
MB28-T2-06.JPG;12/13/2022;1208;T2;MERMAID Reef Survey;;;;;;;;;;;;;;1832;3147;gal
MB28-T2-06.JPG;12/13/2022;1208;T2;MERMAID Reef Survey;;;;;;;;;;;;;;2108;3330;Cmorph
MB28-T2-06.JPG;12/13/2022;1208;T2;MERMAID Reef Survey;;;;;;;;;;;;;;2186;260;SGR
MB28-T2-06.JPG;12/13/2022;1208;T2;MERMAID Reef Survey;;;;;;;;;;;;;;2557;1694;Cmorph
MB28-T2-06.JPG;12/13/2022;1208;T2;MERMAID Reef Survey;;;;;;;;;;;;;;3166;2210;ATRF
MB28-T2-06.JPG;12/13/2022;1208;T2;MERMAID Reef Survey;;;;;;;;;;;;;;2919;2331;Cmorph
MB28-T2-06.JPG;12/13/2022;1208;T2;MERMAID Reef Survey;;;;;;;;;;;;;;2876;2995;Cmorph
MB28-T2-07.JPG;12/13/2022;1208;T2;MERMAID Reef Survey;;;;;;;;;;;;;;532;1023;SGR
MB28-T2-07.JPG;12/13/2022;1208;T2;MERMAID Reef Survey;;;;;;;;;;;;;;615;2674;TWS
MB28-T2-07.JPG;12/13/2022;1208;T2;MERMAID Reef Survey;;;;;;;;;;;;;;1158;435;SGR
MB28-T2-07.JPG;12/13/2022;1208;T2;MERMAID Reef Survey;;;;;;;;;;;;;;1372;2545;SGR
MB28-T2-07.JPG;12/13/2022;1208;T2;MERMAID Reef Survey;;;;;;;;;;;;;;1999;266;sty
MB28-T2-07.JPG;12/13/2022;1208;T2;MERMAID Reef Survey;;;;;;;;;;;;;;1922;638;sym
MB28-T2-07.JPG;12/13/2022;1208;T2;MERMAID Reef Survey;;;;;;;;;;;;;;1781;572;TWS
MB28-T2-07.JPG;12/13/2022;1208;T2;MERMAID Reef Survey;;;;;;;;;;;;;;1970;52;tra
MB28-T2-07.JPG;12/13/2022;1208;T2;MERMAID Reef Survey;;;;;;;;;;;;;;1938;1997;tub
MB28-T2-07.JPG;12/13/2022;1208;T2;MERMAID Reef Survey;;;;;;;;;;;;;;1511;3020;tup
MB28-T2-07.JPG;12/13/2022;1208;T2;MERMAID Reef Survey;;;;;;;;;;;;;;1677;3043;tur
MB28-T2-07.JPG;12/13/2022;1208;T2;MERMAID Reef Survey;;;;;;;;;;;;;;2633;267;ATRF
MB28-T2-07.JPG;12/13/2022;1208;T2;MERMAID Reef Survey;;;;;;;;;;;;;;2515;702;UNID
MB28-T2-07.JPG;12/13/2022;1208;T2;MERMAID Reef Survey;;;;;;;;;;;;;;2343;1374;porB
MB28-T2-07.JPG;12/13/2022;1208;T2;MERMAID Reef Survey;;;;;;;;;;;;;;2142;713;porM
MB28-T2-07.JPG;12/13/2022;1208;T2;MERMAID Reef Survey;;;;;;;;;;;;;;2335;1817;AMAC
MB28-T2-07.JPG;12/13/2022;1208;T2;MERMAID Reef Survey;;;;;;;;;;;;;;2465;2262;OBS
MB28-T2-07.JPG;12/13/2022;1208;T2;MERMAID Reef Survey;;;;;;;;;;;;;;3240;587;porM
MB28-T2-07.JPG;12/13/2022;1208;T2;MERMAID Reef Survey;;;;;;;;;;;;;;3504;444;SGR
MB28-T2-07.JPG;12/13/2022;1208;T2;MERMAID Reef Survey;;;;;;;;;;;;;;2862;800;acr
MB28-T2-07.JPG;12/13/2022;1208;T2;MERMAID Reef Survey;;;;;;;;;;;;;;3371;805;porM
MB28-T2-07.JPG;12/13/2022;1208;T2;MERMAID Reef Survey;;;;;;;;;;;;;;3355;1761;porM
MB28-T2-07.JPG;12/13/2022;1208;T2;MERMAID Reef Survey;;;;;;;;;;;;;;3273;2385;acr
MB28-T2-07.JPG;12/13/2022;1208;T2;MERMAID Reef Survey;;;;;;;;;;;;;;3156;2653;acr
MB28-T2-07.JPG;12/13/2022;1208;T2;MERMAID Reef Survey;;;;;;;;;;;;;;2879;3381;SGR
MB28-T2-08.JPG;12/13/2022;1208;T2;MERMAID Reef Survey;;;;;;;;;;;;;;232;1124;ACOR
MB28-T2-08.JPG;12/13/2022;1208;T2;MERMAID Reef Survey;;;;;;;;;;;;;;518;1280;AHAL
MB28-T2-08.JPG;12/13/2022;1208;T2;MERMAID Reef Survey;;;;;;;;;;;;;;434;2711;SND
MB28-T2-08.JPG;12/13/2022;1208;T2;MERMAID Reef Survey;;;;;;;;;;;;;;958;1184;SGR
MB28-T2-08.JPG;12/13/2022;1208;T2;MERMAID Reef Survey;;;;;;;;;;;;;;1022;1690;AHAL
MB28-T2-08.JPG;12/13/2022;1208;T2;MERMAID Reef Survey;;;;;;;;;;;;;;1237;1854;SGR
MB28-T2-08.JPG;12/13/2022;1208;T2;MERMAID Reef Survey;;;;;;;;;;;;;;767;3182;SGR
MB28-T2-08.JPG;12/13/2022;1208;T2;MERMAID Reef Survey;;;;;;;;;;;;;;1071;3080;SGR
MB28-T2-08.JPG;12/13/2022;1208;T2;MERMAID Reef Survey;;;;;;;;;;;;;;2045;65;SGR
MB28-T2-08.JPG;12/13/2022;1208;T2;MERMAID Reef Survey;;;;;;;;;;;;;;1934;901;SGR
MB28-T2-08.JPG;12/13/2022;1208;T2;MERMAID Reef Survey;;;;;;;;;;;;;;1669;1737;porM
MB28-T2-08.JPG;12/13/2022;1208;T2;MERMAID Reef Survey;;;;;;;;;;;;;;1880;2081;porM
MB28-T2-08.JPG;12/13/2022;1208;T2;MERMAID Reef Survey;;;;;;;;;;;;;;2021;1668;porM
MB28-T2-08.JPG;12/13/2022;1208;T2;MERMAID Reef Survey;;;;;;;;;;;;;;1758;2155;porM
MB28-T2-08.JPG;12/13/2022;1208;T2;MERMAID Reef Survey;;;;;;;;;;;;;;1641;2540;porM
MB28-T2-08.JPG;12/13/2022;1208;T2;MERMAID Reef Survey;;;;;;;;;;;;;;1923;3540;porM
MB28-T2-08.JPG;12/13/2022;1208;T2;MERMAID Reef Survey;;;;;;;;;;;;;;2714;348;SGR
MB28-T2-08.JPG;12/13/2022;1208;T2;MERMAID Reef Survey;;;;;;;;;;;;;;2588;1176;ATRF
MB28-T2-08.JPG;12/13/2022;1208;T2;MERMAID Reef Survey;;;;;;;;;;;;;;2455;1440;AHAL
MB28-T2-08.JPG;12/13/2022;1208;T2;MERMAID Reef Survey;;;;;;;;;;;;;;2216;2799;porM
MB28-T2-08.JPG;12/13/2022;1208;T2;MERMAID Reef Survey;;;;;;;;;;;;;;2694;2820;porM
MB28-T2-08.JPG;12/13/2022;1208;T2;MERMAID Reef Survey;;;;;;;;;;;;;;2873;1229;ATRF
MB28-T2-08.JPG;12/13/2022;1208;T2;MERMAID Reef Survey;;;;;;;;;;;;;;3007;1107;ATRF
MB28-T2-08.JPG;12/13/2022;1208;T2;MERMAID Reef Survey;;;;;;;;;;;;;;2989;2352;lob
MB28-T2-08.JPG;12/13/2022;1208;T2;MERMAID Reef Survey;;;;;;;;;;;;;;3235;3048;lob
MB28-T2-09.JPG;12/13/2022;1208;T2;MERMAID Reef Survey;;;;;;;;;;;;;;307;939;SGR
MB28-T2-09.JPG;12/13/2022;1208;T2;MERMAID Reef Survey;;;;;;;;;;;;;;264;1186;Hydr
MB28-T2-09.JPG;12/13/2022;1208;T2;MERMAID Reef Survey;;;;;;;;;;;;;;278;3523;UNK
MB28-T2-09.JPG;12/13/2022;1208;T2;MERMAID Reef Survey;;;;;;;;;;;;;;1254;422;xen
MB28-T2-09.JPG;12/13/2022;1208;T2;MERMAID Reef Survey;;;;;;;;;;;;;;1248;279;Zooa
MB28-T2-09.JPG;12/13/2022;1208;T2;MERMAID Reef Survey;;;;;;;;;;;;;;999;2366;SGR
MB28-T2-09.JPG;12/13/2022;1208;T2;MERMAID Reef Survey;;;;;;;;;;;;;;1158;2325;porM
MB28-T2-09.JPG;12/13/2022;1208;T2;MERMAID Reef Survey;;;;;;;;;;;;;;1046;2860;porM
MB28-T2-09.JPG;12/13/2022;1208;T2;MERMAID Reef Survey;;;;;;;;;;;;;;968;2866;porM
MB28-T2-09.JPG;12/13/2022;1208;T2;MERMAID Reef Survey;;;;;;;;;;;;;;1768;747;UNK
MB28-T2-09.JPG;12/13/2022;1208;T2;MERMAID Reef Survey;;;;;;;;;;;;;;1529;1887;xen
MB28-T2-09.JPG;12/13/2022;1208;T2;MERMAID Reef Survey;;;;;;;;;;;;;;1714;2066;Zooa
MB28-T2-09.JPG;12/13/2022;1208;T2;MERMAID Reef Survey;;;;;;;;;;;;;;1436;1959;porM
MB28-T2-09.JPG;12/13/2022;1208;T2;MERMAID Reef Survey;;;;;;;;;;;;;;1548;1802;porM
MB28-T2-09.JPG;12/13/2022;1208;T2;MERMAID Reef Survey;;;;;;;;;;;;;;2116;2300;porM
MB28-T2-09.JPG;12/13/2022;1208;T2;MERMAID Reef Survey;;;;;;;;;;;;;;1453;2729;porM
MB28-T2-09.JPG;12/13/2022;1208;T2;MERMAID Reef Survey;;;;;;;;;;;;;;1581;2410;porM
MB28-T2-09.JPG;12/13/2022;1208;T2;MERMAID Reef Survey;;;;;;;;;;;;;;1718;2400;porM
MB28-T2-09.JPG;12/13/2022;1208;T2;MERMAID Reef Survey;;;;;;;;;;;;;;2224;3;SGR
MB28-T2-09.JPG;12/13/2022;1208;T2;MERMAID Reef Survey;;;;;;;;;;;;;;2748;56;SGR
MB28-T2-09.JPG;12/13/2022;1208;T2;MERMAID Reef Survey;;;;;;;;;;;;;;2333;1324;porM
MB28-T2-09.JPG;12/13/2022;1208;T2;MERMAID Reef Survey;;;;;;;;;;;;;;2491;2756;porM
MB28-T2-09.JPG;12/13/2022;1208;T2;MERMAID Reef Survey;;;;;;;;;;;;;;3471;1035;SGR
MB28-T2-09.JPG;12/13/2022;1208;T2;MERMAID Reef Survey;;;;;;;;;;;;;;3127;2416;TWS
MB28-T2-09.JPG;12/13/2022;1208;T2;MERMAID Reef Survey;;;;;;;;;;;;;;3014;3349;porM
MB28-T2-10.JPG;12/13/2022;1208;T2;MERMAID Reef Survey;;;;;;;;;;;;;;75;184;SGR
MB28-T2-10.JPG;12/13/2022;1208;T2;MERMAID Reef Survey;;;;;;;;;;;;;;301;292;SGR
MB28-T2-10.JPG;12/13/2022;1208;T2;MERMAID Reef Survey;;;;;;;;;;;;;;349;708;SGR
MB28-T2-10.JPG;12/13/2022;1208;T2;MERMAID Reef Survey;;;;;;;;;;;;;;471;232;SGR
MB28-T2-10.JPG;12/13/2022;1208;T2;MERMAID Reef Survey;;;;;;;;;;;;;;35;1590;SGR
MB28-T2-10.JPG;12/13/2022;1208;T2;MERMAID Reef Survey;;;;;;;;;;;;;;232;1975;SGR
MB28-T2-10.JPG;12/13/2022;1208;T2;MERMAID Reef Survey;;;;;;;;;;;;;;451;2143;SGR
MB28-T2-10.JPG;12/13/2022;1208;T2;MERMAID Reef Survey;;;;;;;;;;;;;;94;3076;SGR
MB28-T2-10.JPG;12/13/2022;1208;T2;MERMAID Reef Survey;;;;;;;;;;;;;;83;3474;BS
MB28-T2-10.JPG;12/13/2022;1208;T2;MERMAID Reef Survey;;;;;;;;;;;;;;1064;1244;bla
MB28-T2-10.JPG;12/13/2022;1208;T2;MERMAID Reef Survey;;;;;;;;;;;;;;720;1678;cau
MB28-T2-10.JPG;12/13/2022;1208;T2;MERMAID Reef Survey;;;;;;;;;;;;;;1029;2062;cla
MB28-T2-10.JPG;12/13/2022;1208;T2;MERMAID Reef Survey;;;;;;;;;;;;;;852;2326;coe
MB28-T2-10.JPG;12/13/2022;1208;T2;MERMAID Reef Survey;;;;;;;;;;;;;;1425;1571;Cmorph
MB28-T2-10.JPG;12/13/2022;1208;T2;MERMAID Reef Survey;;;;;;;;;;;;;;1574;1487;cos
MB28-T2-10.JPG;12/13/2022;1208;T2;MERMAID Reef Survey;;;;;;;;;;;;;;2033;2309;ACOR
MB28-T2-10.JPG;12/13/2022;1208;T2;MERMAID Reef Survey;;;;;;;;;;;;;;2505;151;cte
MB28-T2-10.JPG;12/13/2022;1208;T2;MERMAID Reef Survey;;;;;;;;;;;;;;2694;1683;cyn
MB28-T2-10.JPG;12/13/2022;1208;T2;MERMAID Reef Survey;;;;;;;;;;;;;;2452;3029;SGR
MB28-T2-10.JPG;12/13/2022;1208;T2;MERMAID Reef Survey;;;;;;;;;;;;;;2139;3471;SGR
MB28-T2-10.JPG;12/13/2022;1208;T2;MERMAID Reef Survey;;;;;;;;;;;;;;3084;882;ATRF
MB28-T2-10.JPG;12/13/2022;1208;T2;MERMAID Reef Survey;;;;;;;;;;;;;;3314;762;AMAC
MB28-T2-10.JPG;12/13/2022;1208;T2;MERMAID Reef Survey;;;;;;;;;;;;;;3397;1848;SGR
MB28-T2-10.JPG;12/13/2022;1208;T2;MERMAID Reef Survey;;;;;;;;;;;;;;3176;1473;SGR
MB28-T2-10.JPG;12/13/2022;1208;T2;MERMAID Reef Survey;;;;;;;;;;;;;;3260;3072;SGR
MB28-T2-11.JPG;12/13/2022;1208;T2;MERMAID Reef Survey;;;;;;;;;;;;;;202;155;SGR
MB28-T2-11.JPG;12/13/2022;1208;T2;MERMAID Reef Survey;;;;;;;;;;;;;;291;1088;SGR
MB28-T2-11.JPG;12/13/2022;1208;T2;MERMAID Reef Survey;;;;;;;;;;;;;;81;1457;SGR
MB28-T2-11.JPG;12/13/2022;1208;T2;MERMAID Reef Survey;;;;;;;;;;;;;;165;2315;SGR
MB28-T2-11.JPG;12/13/2022;1208;T2;MERMAID Reef Survey;;;;;;;;;;;;;;276;3062;SGR
MB28-T2-11.JPG;12/13/2022;1208;T2;MERMAID Reef Survey;;;;;;;;;;;;;;1080;10;SGR
MB28-T2-11.JPG;12/13/2022;1208;T2;MERMAID Reef Survey;;;;;;;;;;;;;;825;1126;SGR
MB28-T2-11.JPG;12/13/2022;1208;T2;MERMAID Reef Survey;;;;;;;;;;;;;;1189;1681;SGR
MB28-T2-11.JPG;12/13/2022;1208;T2;MERMAID Reef Survey;;;;;;;;;;;;;;1099;1905;SGR
MB28-T2-11.JPG;12/13/2022;1208;T2;MERMAID Reef Survey;;;;;;;;;;;;;;1131;1508;SGR
MB28-T2-11.JPG;12/13/2022;1208;T2;MERMAID Reef Survey;;;;;;;;;;;;;;1250;2606;SGR
MB28-T2-11.JPG;12/13/2022;1208;T2;MERMAID Reef Survey;;;;;;;;;;;;;;971;2926;SGR
MB28-T2-11.JPG;12/13/2022;1208;T2;MERMAID Reef Survey;;;;;;;;;;;;;;1818;837;SGR
MB28-T2-11.JPG;12/13/2022;1208;T2;MERMAID Reef Survey;;;;;;;;;;;;;;1524;1838;SGR
MB28-T2-11.JPG;12/13/2022;1208;T2;MERMAID Reef Survey;;;;;;;;;;;;;;1910;2770;SGR
MB28-T2-11.JPG;12/13/2022;1208;T2;MERMAID Reef Survey;;;;;;;;;;;;;;2185;377;SGR
MB28-T2-11.JPG;12/13/2022;1208;T2;MERMAID Reef Survey;;;;;;;;;;;;;;2183;986;SGR
MB28-T2-11.JPG;12/13/2022;1208;T2;MERMAID Reef Survey;;;;;;;;;;;;;;2469;1151;SGR
MB28-T2-11.JPG;12/13/2022;1208;T2;MERMAID Reef Survey;;;;;;;;;;;;;;2807;1857;SGR
MB28-T2-11.JPG;12/13/2022;1208;T2;MERMAID Reef Survey;;;;;;;;;;;;;;2276;2314;SGR
MB28-T2-11.JPG;12/13/2022;1208;T2;MERMAID Reef Survey;;;;;;;;;;;;;;3420;181;SGR
MB28-T2-11.JPG;12/13/2022;1208;T2;MERMAID Reef Survey;;;;;;;;;;;;;;3047;461;SGR
MB28-T2-11.JPG;12/13/2022;1208;T2;MERMAID Reef Survey;;;;;;;;;;;;;;3373;1725;SGR
MB28-T2-11.JPG;12/13/2022;1208;T2;MERMAID Reef Survey;;;;;;;;;;;;;;3052;2189;TWS
MB28-T2-11.JPG;12/13/2022;1208;T2;MERMAID Reef Survey;;;;;;;;;;;;;;3248;3475;SGR
MB28-T2-12.JPG;12/13/2022;1208;T2;MERMAID Reef Survey;;;;;;;;;;;;;;592;2674;porB
MB28-T2-12.JPG;12/13/2022;1208;T2;MERMAID Reef Survey;;;;;;;;;;;;;;687;2502;porB
MB28-T2-12.JPG;12/13/2022;1208;T2;MERMAID Reef Survey;;;;;;;;;;;;;;633;2986;porB
MB28-T2-12.JPG;12/13/2022;1208;T2;MERMAID Reef Survey;;;;;;;;;;;;;;593;2881;porB
MB28-T2-12.JPG;12/13/2022;1208;T2;MERMAID Reef Survey;;;;;;;;;;;;;;912;276;pla
MB28-T2-12.JPG;12/13/2022;1208;T2;MERMAID Reef Survey;;;;;;;;;;;;;;909;1165;pla
MB28-T2-12.JPG;12/13/2022;1208;T2;MERMAID Reef Survey;;;;;;;;;;;;;;978;1326;pla
MB28-T2-12.JPG;12/13/2022;1208;T2;MERMAID Reef Survey;;;;;;;;;;;;;;1159;1648;pla
MB28-T2-12.JPG;12/13/2022;1208;T2;MERMAID Reef Survey;;;;;;;;;;;;;;772;2396;porB
MB28-T2-12.JPG;12/13/2022;1208;T2;MERMAID Reef Survey;;;;;;;;;;;;;;924;3534;poc
MB28-T2-12.JPG;12/13/2022;1208;T2;MERMAID Reef Survey;;;;;;;;;;;;;;1219;3103;Spog
MB28-T2-12.JPG;12/13/2022;1208;T2;MERMAID Reef Survey;;;;;;;;;;;;;;1955;570;AMAC
MB28-T2-12.JPG;12/13/2022;1208;T2;MERMAID Reef Survey;;;;;;;;;;;;;;1982;665;AMAC
MB28-T2-12.JPG;12/13/2022;1208;T2;MERMAID Reef Survey;;;;;;;;;;;;;;1965;718;AMAC
MB28-T2-12.JPG;12/13/2022;1208;T2;MERMAID Reef Survey;;;;;;;;;;;;;;1536;1462;pla
MB28-T2-12.JPG;12/13/2022;1208;T2;MERMAID Reef Survey;;;;;;;;;;;;;;1704;2617;gal
MB28-T2-12.JPG;12/13/2022;1208;T2;MERMAID Reef Survey;;;;;;;;;;;;;;1928;2948;lob
MB28-T2-12.JPG;12/13/2022;1208;T2;MERMAID Reef Survey;;;;;;;;;;;;;;2634;673;ser
MB28-T2-12.JPG;12/13/2022;1208;T2;MERMAID Reef Survey;;;;;;;;;;;;;;2762;2775;TWS
MB28-T2-12.JPG;12/13/2022;1208;T2;MERMAID Reef Survey;;;;;;;;;;;;;;2779;2890;lob
MB28-T2-12.JPG;12/13/2022;1208;T2;MERMAID Reef Survey;;;;;;;;;;;;;;3424;1231;OBS
MB28-T2-12.JPG;12/13/2022;1208;T2;MERMAID Reef Survey;;;;;;;;;;;;;;3340;1241;OBS
MB28-T2-12.JPG;12/13/2022;1208;T2;MERMAID Reef Survey;;;;;;;;;;;;;;3388;1754;porM
MB28-T2-12.JPG;12/13/2022;1208;T2;MERMAID Reef Survey;;;;;;;;;;;;;;3462;2428;ATRF
MB28-T2-12.JPG;12/13/2022;1208;T2;MERMAID Reef Survey;;;;;;;;;;;;;;3426;2135;porB
MB28-T2-13.JPG;12/13/2022;1208;T2;MERMAID Reef Survey;;;;;;;;;;;;;;622;2327;SGR
MB28-T2-13.JPG;12/13/2022;1208;T2;MERMAID Reef Survey;;;;;;;;;;;;;;530;3043;SGR
MB28-T2-13.JPG;12/13/2022;1208;T2;MERMAID Reef Survey;;;;;;;;;;;;;;642;3115;SGR
MB28-T2-13.JPG;12/13/2022;1208;T2;MERMAID Reef Survey;;;;;;;;;;;;;;1129;1340;SGR
MB28-T2-13.JPG;12/13/2022;1208;T2;MERMAID Reef Survey;;;;;;;;;;;;;;728;1004;AMAC
MB28-T2-13.JPG;12/13/2022;1208;T2;MERMAID Reef Survey;;;;;;;;;;;;;;977;746;SGR
MB28-T2-13.JPG;12/13/2022;1208;T2;MERMAID Reef Survey;;;;;;;;;;;;;;869;1611;SGR
MB28-T2-13.JPG;12/13/2022;1208;T2;MERMAID Reef Survey;;;;;;;;;;;;;;1162;2040;SGR
MB28-T2-13.JPG;12/13/2022;1208;T2;MERMAID Reef Survey;;;;;;;;;;;;;;899;2515;SGR
MB28-T2-13.JPG;12/13/2022;1208;T2;MERMAID Reef Survey;;;;;;;;;;;;;;891;2888;SGR
MB28-T2-13.JPG;12/13/2022;1208;T2;MERMAID Reef Survey;;;;;;;;;;;;;;1078;2916;SGR
MB28-T2-13.JPG;12/13/2022;1208;T2;MERMAID Reef Survey;;;;;;;;;;;;;;966;2969;SGR
MB28-T2-13.JPG;12/13/2022;1208;T2;MERMAID Reef Survey;;;;;;;;;;;;;;1426;1141;ATRF
MB28-T2-13.JPG;12/13/2022;1208;T2;MERMAID Reef Survey;;;;;;;;;;;;;;1936;1982;OBS
MB28-T2-13.JPG;12/13/2022;1208;T2;MERMAID Reef Survey;;;;;;;;;;;;;;1474;3529;ATRF
MB28-T2-13.JPG;12/13/2022;1208;T2;MERMAID Reef Survey;;;;;;;;;;;;;;2837;312;SGR
MB28-T2-13.JPG;12/13/2022;1208;T2;MERMAID Reef Survey;;;;;;;;;;;;;;2301;460;SGR
MB28-T2-13.JPG;12/13/2022;1208;T2;MERMAID Reef Survey;;;;;;;;;;;;;;2238;1163;BS
MB28-T2-13.JPG;12/13/2022;1208;T2;MERMAID Reef Survey;;;;;;;;;;;;;;2554;918;bla
MB28-T2-13.JPG;12/13/2022;1208;T2;MERMAID Reef Survey;;;;;;;;;;;;;;2588;1972;cau
MB28-T2-13.JPG;12/13/2022;1208;T2;MERMAID Reef Survey;;;;;;;;;;;;;;2149;2392;cla
MB28-T2-13.JPG;12/13/2022;1208;T2;MERMAID Reef Survey;;;;;;;;;;;;;;2370;2568;coe
MB28-T2-13.JPG;12/13/2022;1208;T2;MERMAID Reef Survey;;;;;;;;;;;;;;3277;1007;Cmorph
MB28-T2-13.JPG;12/13/2022;1208;T2;MERMAID Reef Survey;;;;;;;;;;;;;;3401;1440;cos
MB28-T2-13.JPG;12/13/2022;1208;T2;MERMAID Reef Survey;;;;;;;;;;;;;;3329;2949;ACOR
MB28-T2-14.JPG;12/13/2022;1208;T2;MERMAID Reef Survey;;;;;;;;;;;;;;337;713;cte
MB28-T2-14.JPG;12/13/2022;1208;T2;MERMAID Reef Survey;;;;;;;;;;;;;;599;1575;cyn
MB28-T2-14.JPG;12/13/2022;1208;T2;MERMAID Reef Survey;;;;;;;;;;;;;;258;3064;SGR
MB28-T2-14.JPG;12/13/2022;1208;T2;MERMAID Reef Survey;;;;;;;;;;;;;;360;2964;SGR
MB28-T2-14.JPG;12/13/2022;1208;T2;MERMAID Reef Survey;;;;;;;;;;;;;;29;3253;SGR
MB28-T2-14.JPG;12/13/2022;1208;T2;MERMAID Reef Survey;;;;;;;;;;;;;;1338;299;SND
MB28-T2-14.JPG;12/13/2022;1208;T2;MERMAID Reef Survey;;;;;;;;;;;;;;833;17;SGR
MB28-T2-14.JPG;12/13/2022;1208;T2;MERMAID Reef Survey;;;;;;;;;;;;;;1068;125;fun
MB28-T2-14.JPG;12/13/2022;1208;T2;MERMAID Reef Survey;;;;;;;;;;;;;;1370;1896;gal
MB28-T2-14.JPG;12/13/2022;1208;T2;MERMAID Reef Survey;;;;;;;;;;;;;;740;1549;gar
MB28-T2-14.JPG;12/13/2022;1208;T2;MERMAID Reef Survey;;;;;;;;;;;;;;1109;2339;gon
MB28-T2-14.JPG;12/13/2022;1208;T2;MERMAID Reef Survey;;;;;;;;;;;;;;1815;67;gop
MB28-T2-14.JPG;12/13/2022;1208;T2;MERMAID Reef Survey;;;;;;;;;;;;;;1501;530;Gorg
MB28-T2-14.JPG;12/13/2022;1208;T2;MERMAID Reef Survey;;;;;;;;;;;;;;1608;1618;gyr
MB28-T2-14.JPG;12/13/2022;1208;T2;MERMAID Reef Survey;;;;;;;;;;;;;;2007;3231;AHAL
MB28-T2-14.JPG;12/13/2022;1208;T2;MERMAID Reef Survey;;;;;;;;;;;;;;2811;2425;SGR
MB28-T2-14.JPG;12/13/2022;1208;T2;MERMAID Reef Survey;;;;;;;;;;;;;;3245;7;SGR
MB28-T2-14.JPG;12/13/2022;1208;T2;MERMAID Reef Survey;;;;;;;;;;;;;;3431;690;SGR
MB28-T2-14.JPG;12/13/2022;1208;T2;MERMAID Reef Survey;;;;;;;;;;;;;;3268;273;SGR
MB28-T2-14.JPG;12/13/2022;1208;T2;MERMAID Reef Survey;;;;;;;;;;;;;;3216;80;SGR
MB28-T2-14.JPG;12/13/2022;1208;T2;MERMAID Reef Survey;;;;;;;;;;;;;;3046;1171;SGR
MB28-T2-14.JPG;12/13/2022;1208;T2;MERMAID Reef Survey;;;;;;;;;;;;;;3384;1981;SGR
MB28-T2-14.JPG;12/13/2022;1208;T2;MERMAID Reef Survey;;;;;;;;;;;;;;3045;2602;SGR
MB28-T2-14.JPG;12/13/2022;1208;T2;MERMAID Reef Survey;;;;;;;;;;;;;;3421;2985;SGR
MB28-T2-14.JPG;12/13/2022;1208;T2;MERMAID Reef Survey;;;;;;;;;;;;;;3176;3355;SGR
MB28-T2-15.JPG;12/13/2022;1208;T2;MERMAID Reef Survey;;;;;;;;;;;;;;539;225;ATRF
MB28-T2-15.JPG;12/13/2022;1208;T2;MERMAID Reef Survey;;;;;;;;;;;;;;609;959;ATRF
MB28-T2-15.JPG;12/13/2022;1208;T2;MERMAID Reef Survey;;;;;;;;;;;;;;450;1766;porM
MB28-T2-15.JPG;12/13/2022;1208;T2;MERMAID Reef Survey;;;;;;;;;;;;;;52;2003;porM
MB28-T2-15.JPG;12/13/2022;1208;T2;MERMAID Reef Survey;;;;;;;;;;;;;;525;3478;porM
MB28-T2-15.JPG;12/13/2022;1208;T2;MERMAID Reef Survey;;;;;;;;;;;;;;604;3092;acr
MB28-T2-15.JPG;12/13/2022;1208;T2;MERMAID Reef Survey;;;;;;;;;;;;;;1149;94;ATRF
MB28-T2-15.JPG;12/13/2022;1208;T2;MERMAID Reef Survey;;;;;;;;;;;;;;1092;88;ATRF
MB28-T2-15.JPG;12/13/2022;1208;T2;MERMAID Reef Survey;;;;;;;;;;;;;;1357;1378;acr
MB28-T2-15.JPG;12/13/2022;1208;T2;MERMAID Reef Survey;;;;;;;;;;;;;;1177;782;ACOR
MB28-T2-15.JPG;12/13/2022;1208;T2;MERMAID Reef Survey;;;;;;;;;;;;;;785;929;ATRF
MB28-T2-15.JPG;12/13/2022;1208;T2;MERMAID Reef Survey;;;;;;;;;;;;;;957;1139;ATRF
MB28-T2-15.JPG;12/13/2022;1208;T2;MERMAID Reef Survey;;;;;;;;;;;;;;1411;1709;acr
MB28-T2-15.JPG;12/13/2022;1208;T2;MERMAID Reef Survey;;;;;;;;;;;;;;733;3057;acr
MB28-T2-15.JPG;12/13/2022;1208;T2;MERMAID Reef Survey;;;;;;;;;;;;;;1129;3544;porM
MB28-T2-15.JPG;12/13/2022;1208;T2;MERMAID Reef Survey;;;;;;;;;;;;;;1749;278;OBS
MB28-T2-15.JPG;12/13/2022;1208;T2;MERMAID Reef Survey;;;;;;;;;;;;;;2118;115;les
MB28-T2-15.JPG;12/13/2022;1208;T2;MERMAID Reef Survey;;;;;;;;;;;;;;2028;1067;ACOR
MB28-T2-15.JPG;12/13/2022;1208;T2;MERMAID Reef Survey;;;;;;;;;;;;;;1857;3139;porM
MB28-T2-15.JPG;12/13/2022;1208;T2;MERMAID Reef Survey;;;;;;;;;;;;;;2181;512;les
MB28-T2-15.JPG;12/13/2022;1208;T2;MERMAID Reef Survey;;;;;;;;;;;;;;2647;330;ATRF
MB28-T2-15.JPG;12/13/2022;1208;T2;MERMAID Reef Survey;;;;;;;;;;;;;;2273;2731;porB
MB28-T2-15.JPG;12/13/2022;1208;T2;MERMAID Reef Survey;;;;;;;;;;;;;;2426;2572;hal
MB28-T2-15.JPG;12/13/2022;1208;T2;MERMAID Reef Survey;;;;;;;;;;;;;;2581;3048;HC
MB28-T2-15.JPG;12/13/2022;1208;T2;MERMAID Reef Survey;;;;;;;;;;;;;;3239;1577;hel
MB28-T2-16.JPG;12/13/2022;1208;T2;MERMAID Reef Survey;;;;;;;;;;;;;;362;443;her
MB28-T2-16.JPG;12/13/2022;1208;T2;MERMAID Reef Survey;;;;;;;;;;;;;;141;445;hor
MB28-T2-16.JPG;12/13/2022;1208;T2;MERMAID Reef Survey;;;;;;;;;;;;;;69;679;hyd
MB28-T2-16.JPG;12/13/2022;1208;T2;MERMAID Reef Survey;;;;;;;;;;;;;;679;1049;Hydr
MB28-T2-16.JPG;12/13/2022;1208;T2;MERMAID Reef Survey;;;;;;;;;;;;;;610;2063;iso
MB28-T2-16.JPG;12/13/2022;1208;T2;MERMAID Reef Survey;;;;;;;;;;;;;;224;1739;lep
MB28-T2-16.JPG;12/13/2022;1208;T2;MERMAID Reef Survey;;;;;;;;;;;;;;1100;96;leo
MB28-T2-16.JPG;12/13/2022;1208;T2;MERMAID Reef Survey;;;;;;;;;;;;;;1034;3454;les
MB28-T2-16.JPG;12/13/2022;1208;T2;MERMAID Reef Survey;;;;;;;;;;;;;;1817;9;loc
MB28-T2-16.JPG;12/13/2022;1208;T2;MERMAID Reef Survey;;;;;;;;;;;;;;1589;1303;lob
MB28-T2-16.JPG;12/13/2022;1208;T2;MERMAID Reef Survey;;;;;;;;;;;;;;1945;830;SGR
MB28-T2-16.JPG;12/13/2022;1208;T2;MERMAID Reef Survey;;;;;;;;;;;;;;1765;1284;SGR
MB28-T2-16.JPG;12/13/2022;1208;T2;MERMAID Reef Survey;;;;;;;;;;;;;;1834;3287;SGR
MB28-T2-16.JPG;12/13/2022;1208;T2;MERMAID Reef Survey;;;;;;;;;;;;;;2321;1419;SND
MB28-T2-16.JPG;12/13/2022;1208;T2;MERMAID Reef Survey;;;;;;;;;;;;;;2754;2089;SGR
MB28-T2-16.JPG;12/13/2022;1208;T2;MERMAID Reef Survey;;;;;;;;;;;;;;2823;3528;SGR
MB28-T2-16.JPG;12/13/2022;1208;T2;MERMAID Reef Survey;;;;;;;;;;;;;;2821;2965;SGR
MB28-T2-16.JPG;12/13/2022;1208;T2;MERMAID Reef Survey;;;;;;;;;;;;;;2912;553;SGR
MB28-T2-16.JPG;12/13/2022;1208;T2;MERMAID Reef Survey;;;;;;;;;;;;;;3512;179;SND
MB28-T2-16.JPG;12/13/2022;1208;T2;MERMAID Reef Survey;;;;;;;;;;;;;;3012;765;SND
MB28-T2-16.JPG;12/13/2022;1208;T2;MERMAID Reef Survey;;;;;;;;;;;;;;3410;1483;SND
MB28-T2-16.JPG;12/13/2022;1208;T2;MERMAID Reef Survey;;;;;;;;;;;;;;3459;1780;SGR
MB28-T2-16.JPG;12/13/2022;1208;T2;MERMAID Reef Survey;;;;;;;;;;;;;;3230;2329;SGR
MB28-T2-16.JPG;12/13/2022;1208;T2;MERMAID Reef Survey;;;;;;;;;;;;;;3155;2167;SGR
MB28-T2-16.JPG;12/13/2022;1208;T2;MERMAID Reef Survey;;;;;;;;;;;;;;3155;2568;SGR
MB28-T2-17.JPG;12/13/2022;1208;T2;MERMAID Reef Survey;;;;;;;;;;;;;;519;399;porM
MB28-T2-17.JPG;12/13/2022;1208;T2;MERMAID Reef Survey;;;;;;;;;;;;;;607;2219;SND
MB28-T2-17.JPG;12/13/2022;1208;T2;MERMAID Reef Survey;;;;;;;;;;;;;;460;3547;hal
MB28-T2-17.JPG;12/13/2022;1208;T2;MERMAID Reef Survey;;;;;;;;;;;;;;695;3302;HC
MB28-T2-17.JPG;12/13/2022;1208;T2;MERMAID Reef Survey;;;;;;;;;;;;;;1214;66;hel
MB28-T2-17.JPG;12/13/2022;1208;T2;MERMAID Reef Survey;;;;;;;;;;;;;;1319;1004;her
MB28-T2-17.JPG;12/13/2022;1208;T2;MERMAID Reef Survey;;;;;;;;;;;;;;943;1789;hor
MB28-T2-17.JPG;12/13/2022;1208;T2;MERMAID Reef Survey;;;;;;;;;;;;;;1408;2239;hyd
MB28-T2-17.JPG;12/13/2022;1208;T2;MERMAID Reef Survey;;;;;;;;;;;;;;1389;3228;Hydr
MB28-T2-17.JPG;12/13/2022;1208;T2;MERMAID Reef Survey;;;;;;;;;;;;;;1154;3150;iso
MB28-T2-17.JPG;12/13/2022;1208;T2;MERMAID Reef Survey;;;;;;;;;;;;;;1107;3358;lep
MB28-T2-17.JPG;12/13/2022;1208;T2;MERMAID Reef Survey;;;;;;;;;;;;;;1914;198;leo
MB28-T2-17.JPG;12/13/2022;1208;T2;MERMAID Reef Survey;;;;;;;;;;;;;;1811;1018;les
MB28-T2-17.JPG;12/13/2022;1208;T2;MERMAID Reef Survey;;;;;;;;;;;;;;1667;1261;loc
MB28-T2-17.JPG;12/13/2022;1208;T2;MERMAID Reef Survey;;;;;;;;;;;;;;1557;2094;lob
MB28-T2-17.JPG;12/13/2022;1208;T2;MERMAID Reef Survey;;;;;;;;;;;;;;1719;2487;SGR
MB28-T2-17.JPG;12/13/2022;1208;T2;MERMAID Reef Survey;;;;;;;;;;;;;;2381;2206;SGR
MB28-T2-17.JPG;12/13/2022;1208;T2;MERMAID Reef Survey;;;;;;;;;;;;;;2272;2323;SND
MB28-T2-17.JPG;12/13/2022;1208;T2;MERMAID Reef Survey;;;;;;;;;;;;;;2531;2297;SND
MB28-T2-17.JPG;12/13/2022;1208;T2;MERMAID Reef Survey;;;;;;;;;;;;;;2516;2418;ATRF
MB28-T2-17.JPG;12/13/2022;1208;T2;MERMAID Reef Survey;;;;;;;;;;;;;;3433;69;AHAL
MB28-T2-17.JPG;12/13/2022;1208;T2;MERMAID Reef Survey;;;;;;;;;;;;;;3031;1944;SGR
MB28-T2-17.JPG;12/13/2022;1208;T2;MERMAID Reef Survey;;;;;;;;;;;;;;2897;2807;SGR
MB28-T2-17.JPG;12/13/2022;1208;T2;MERMAID Reef Survey;;;;;;;;;;;;;;2996;2217;SGR
MB28-T2-17.JPG;12/13/2022;1208;T2;MERMAID Reef Survey;;;;;;;;;;;;;;3100;3535;SGR
MB28-T2-18.JPG;12/13/2022;1208;T2;MERMAID Reef Survey;;;;;;;;;;;;;;70;531;OBS
MB28-T2-18.JPG;12/13/2022;1208;T2;MERMAID Reef Survey;;;;;;;;;;;;;;231;336;ATRF
MB28-T2-18.JPG;12/13/2022;1208;T2;MERMAID Reef Survey;;;;;;;;;;;;;;404;660;ATRF
MB28-T2-18.JPG;12/13/2022;1208;T2;MERMAID Reef Survey;;;;;;;;;;;;;;418;1144;ATRF
MB28-T2-18.JPG;12/13/2022;1208;T2;MERMAID Reef Survey;;;;;;;;;;;;;;250;1522;ATRF
MB28-T2-18.JPG;12/13/2022;1208;T2;MERMAID Reef Survey;;;;;;;;;;;;;;202;1510;ATRF
MB28-T2-18.JPG;12/13/2022;1208;T2;MERMAID Reef Survey;;;;;;;;;;;;;;154;1863;porB
MB28-T2-18.JPG;12/13/2022;1208;T2;MERMAID Reef Survey;;;;;;;;;;;;;;461;2111;porB
MB28-T2-18.JPG;12/13/2022;1208;T2;MERMAID Reef Survey;;;;;;;;;;;;;;946;904;porM
MB28-T2-18.JPG;12/13/2022;1208;T2;MERMAID Reef Survey;;;;;;;;;;;;;;954;803;porM
MB28-T2-18.JPG;12/13/2022;1208;T2;MERMAID Reef Survey;;;;;;;;;;;;;;827;940;porM
MB28-T2-18.JPG;12/13/2022;1208;T2;MERMAID Reef Survey;;;;;;;;;;;;;;835;3542;porB
MB28-T2-18.JPG;12/13/2022;1208;T2;MERMAID Reef Survey;;;;;;;;;;;;;;1478;1508;Cmorph
MB28-T2-18.JPG;12/13/2022;1208;T2;MERMAID Reef Survey;;;;;;;;;;;;;;1564;3366;porB
MB28-T2-18.JPG;12/13/2022;1208;T2;MERMAID Reef Survey;;;;;;;;;;;;;;1446;2942;porB
MB28-T2-18.JPG;12/13/2022;1208;T2;MERMAID Reef Survey;;;;;;;;;;;;;;2265;249;porB
MB28-T2-18.JPG;12/13/2022;1208;T2;MERMAID Reef Survey;;;;;;;;;;;;;;2458;932;porB
MB28-T2-18.JPG;12/13/2022;1208;T2;MERMAID Reef Survey;;;;;;;;;;;;;;2388;790;porB
MB28-T2-18.JPG;12/13/2022;1208;T2;MERMAID Reef Survey;;;;;;;;;;;;;;2736;1980;porB
MB28-T2-18.JPG;12/13/2022;1208;T2;MERMAID Reef Survey;;;;;;;;;;;;;;2231;2291;porB
MB28-T2-18.JPG;12/13/2022;1208;T2;MERMAID Reef Survey;;;;;;;;;;;;;;2479;3534;porM
MB28-T2-18.JPG;12/13/2022;1208;T2;MERMAID Reef Survey;;;;;;;;;;;;;;2477;3195;porM
MB28-T2-18.JPG;12/13/2022;1208;T2;MERMAID Reef Survey;;;;;;;;;;;;;;2864;495;porB
MB28-T2-18.JPG;12/13/2022;1208;T2;MERMAID Reef Survey;;;;;;;;;;;;;;3009;1531;porB
MB28-T2-18.JPG;12/13/2022;1208;T2;MERMAID Reef Survey;;;;;;;;;;;;;;2842;2369;porB
MB28-T2-19.JPG;12/13/2022;1208;T2;MERMAID Reef Survey;;;;;;;;;;;;;;588;1228;ATRF
MB28-T2-19.JPG;12/13/2022;1208;T2;MERMAID Reef Survey;;;;;;;;;;;;;;19;729;ATRF
MB28-T2-19.JPG;12/13/2022;1208;T2;MERMAID Reef Survey;;;;;;;;;;;;;;291;1849;ACOR
MB28-T2-19.JPG;12/13/2022;1208;T2;MERMAID Reef Survey;;;;;;;;;;;;;;119;3244;porB
MB28-T2-19.JPG;12/13/2022;1208;T2;MERMAID Reef Survey;;;;;;;;;;;;;;892;1218;ATRF
MB28-T2-19.JPG;12/13/2022;1208;T2;MERMAID Reef Survey;;;;;;;;;;;;;;1208;1303;AMAC
MB28-T2-19.JPG;12/13/2022;1208;T2;MERMAID Reef Survey;;;;;;;;;;;;;;1299;2337;AMAC
MB28-T2-19.JPG;12/13/2022;1208;T2;MERMAID Reef Survey;;;;;;;;;;;;;;1307;3291;porB
MB28-T2-19.JPG;12/13/2022;1208;T2;MERMAID Reef Survey;;;;;;;;;;;;;;753;3361;porB
MB28-T2-19.JPG;12/13/2022;1208;T2;MERMAID Reef Survey;;;;;;;;;;;;;;2082;142;porM
MB28-T2-19.JPG;12/13/2022;1208;T2;MERMAID Reef Survey;;;;;;;;;;;;;;1491;1403;hal
MB28-T2-19.JPG;12/13/2022;1208;T2;MERMAID Reef Survey;;;;;;;;;;;;;;1477;1781;porB
MB28-T2-19.JPG;12/13/2022;1208;T2;MERMAID Reef Survey;;;;;;;;;;;;;;1655;1675;acr
MB28-T2-19.JPG;12/13/2022;1208;T2;MERMAID Reef Survey;;;;;;;;;;;;;;2110;1809;Moll
MB28-T2-19.JPG;12/13/2022;1208;T2;MERMAID Reef Survey;;;;;;;;;;;;;;1453;3342;mon
MB28-T2-19.JPG;12/13/2022;1208;T2;MERMAID Reef Survey;;;;;;;;;;;;;;2581;604;mtp
MB28-T2-19.JPG;12/13/2022;1208;T2;MERMAID Reef Survey;;;;;;;;;;;;;;2269;986;myc
MB28-T2-19.JPG;12/13/2022;1208;T2;MERMAID Reef Survey;;;;;;;;;;;;;;2670;1375;nep
MB28-T2-19.JPG;12/13/2022;1208;T2;MERMAID Reef Survey;;;;;;;;;;;;;;2840;1002;OBS
MB28-T2-19.JPG;12/13/2022;1208;T2;MERMAID Reef Survey;;;;;;;;;;;;;;2361;1355;OT
MB28-T2-19.JPG;12/13/2022;1208;T2;MERMAID Reef Survey;;;;;;;;;;;;;;2488;1488;INV
MB28-T2-19.JPG;12/13/2022;1208;T2;MERMAID Reef Survey;;;;;;;;;;;;;;2708;2786;ous
MB28-T2-19.JPG;12/13/2022;1208;T2;MERMAID Reef Survey;;;;;;;;;;;;;;2718;3322;porB
MB28-T2-19.JPG;12/13/2022;1208;T2;MERMAID Reef Survey;;;;;;;;;;;;;;3347;558;ATRF
MB28-T2-19.JPG;12/13/2022;1208;T2;MERMAID Reef Survey;;;;;;;;;;;;;;3355;2411;porB
MB28-T2-20.JPG;12/13/2022;1208;T2;MERMAID Reef Survey;;;;;;;;;;;;;;310;770;SGR
MB28-T2-20.JPG;12/13/2022;1208;T2;MERMAID Reef Survey;;;;;;;;;;;;;;288;1924;ATRF
MB28-T2-20.JPG;12/13/2022;1208;T2;MERMAID Reef Survey;;;;;;;;;;;;;;294;1431;ATRF
MB28-T2-20.JPG;12/13/2022;1208;T2;MERMAID Reef Survey;;;;;;;;;;;;;;623;2743;SGR
MB28-T2-20.JPG;12/13/2022;1208;T2;MERMAID Reef Survey;;;;;;;;;;;;;;409;2233;SND
MB28-T2-20.JPG;12/13/2022;1208;T2;MERMAID Reef Survey;;;;;;;;;;;;;;279;2792;ATRF
MB28-T2-20.JPG;12/13/2022;1208;T2;MERMAID Reef Survey;;;;;;;;;;;;;;182;3449;AMAC
MB28-T2-20.JPG;12/13/2022;1208;T2;MERMAID Reef Survey;;;;;;;;;;;;;;477;2887;ATRF
MB28-T2-20.JPG;12/13/2022;1208;T2;MERMAID Reef Survey;;;;;;;;;;;;;;1053;1024;AMAC
MB28-T2-20.JPG;12/13/2022;1208;T2;MERMAID Reef Survey;;;;;;;;;;;;;;1387;1046;SND
MB28-T2-20.JPG;12/13/2022;1208;T2;MERMAID Reef Survey;;;;;;;;;;;;;;876;2176;ATRF
MB28-T2-20.JPG;12/13/2022;1208;T2;MERMAID Reef Survey;;;;;;;;;;;;;;1905;401;SND
MB28-T2-20.JPG;12/13/2022;1208;T2;MERMAID Reef Survey;;;;;;;;;;;;;;1671;1805;SGR
MB28-T2-20.JPG;12/13/2022;1208;T2;MERMAID Reef Survey;;;;;;;;;;;;;;2335;776;SGR
MB28-T2-20.JPG;12/13/2022;1208;T2;MERMAID Reef Survey;;;;;;;;;;;;;;2482;1338;AMAC
MB28-T2-20.JPG;12/13/2022;1208;T2;MERMAID Reef Survey;;;;;;;;;;;;;;2418;1646;ACOR
MB28-T2-20.JPG;12/13/2022;1208;T2;MERMAID Reef Survey;;;;;;;;;;;;;;2361;2013;ACOR
MB28-T2-20.JPG;12/13/2022;1208;T2;MERMAID Reef Survey;;;;;;;;;;;;;;2550;3031;Moll
MB28-T2-20.JPG;12/13/2022;1208;T2;MERMAID Reef Survey;;;;;;;;;;;;;;3163;91;mon
MB28-T2-20.JPG;12/13/2022;1208;T2;MERMAID Reef Survey;;;;;;;;;;;;;;3111;65;mtp
MB28-T2-20.JPG;12/13/2022;1208;T2;MERMAID Reef Survey;;;;;;;;;;;;;;3252;1895;myc
MB28-T2-20.JPG;12/13/2022;1208;T2;MERMAID Reef Survey;;;;;;;;;;;;;;3316;1870;nep
MB28-T2-20.JPG;12/13/2022;1208;T2;MERMAID Reef Survey;;;;;;;;;;;;;;3006;2092;OBS
MB28-T2-20.JPG;12/13/2022;1208;T2;MERMAID Reef Survey;;;;;;;;;;;;;;2869;1718;OT
MB28-T2-20.JPG;12/13/2022;1208;T2;MERMAID Reef Survey;;;;;;;;;;;;;;3418;2186;INV
MB28-T2-21.JPG;12/13/2022;1208;T2;MERMAID Reef Survey;;;;;;;;;;;;;;355;388;ous
MB28-T2-21.JPG;12/13/2022;1208;T2;MERMAID Reef Survey;;;;;;;;;;;;;;667;1306;AMAC
MB28-T2-21.JPG;12/13/2022;1208;T2;MERMAID Reef Survey;;;;;;;;;;;;;;679;2765;SGR
MB28-T2-21.JPG;12/13/2022;1208;T2;MERMAID Reef Survey;;;;;;;;;;;;;;506;2554;SGR
MB28-T2-21.JPG;12/13/2022;1208;T2;MERMAID Reef Survey;;;;;;;;;;;;;;701;3132;SGR
MB28-T2-21.JPG;12/13/2022;1208;T2;MERMAID Reef Survey;;;;;;;;;;;;;;1286;332;phy
MB28-T2-21.JPG;12/13/2022;1208;T2;MERMAID Reef Survey;;;;;;;;;;;;;;1171;1271;porM
MB28-T2-21.JPG;12/13/2022;1208;T2;MERMAID Reef Survey;;;;;;;;;;;;;;1105;2005;SGR
MB28-T2-21.JPG;12/13/2022;1208;T2;MERMAID Reef Survey;;;;;;;;;;;;;;741;2257;SGR
MB28-T2-21.JPG;12/13/2022;1208;T2;MERMAID Reef Survey;;;;;;;;;;;;;;1627;244;ATRF
MB28-T2-21.JPG;12/13/2022;1208;T2;MERMAID Reef Survey;;;;;;;;;;;;;;1786;122;AMAC
MB28-T2-21.JPG;12/13/2022;1208;T2;MERMAID Reef Survey;;;;;;;;;;;;;;1695;1319;SGR
MB28-T2-21.JPG;12/13/2022;1208;T2;MERMAID Reef Survey;;;;;;;;;;;;;;1516;1503;SGR
MB28-T2-21.JPG;12/13/2022;1208;T2;MERMAID Reef Survey;;;;;;;;;;;;;;1799;2952;SGR
MB28-T2-21.JPG;12/13/2022;1208;T2;MERMAID Reef Survey;;;;;;;;;;;;;;1431;3078;SGR
MB28-T2-21.JPG;12/13/2022;1208;T2;MERMAID Reef Survey;;;;;;;;;;;;;;2801;357;AMAC
MB28-T2-21.JPG;12/13/2022;1208;T2;MERMAID Reef Survey;;;;;;;;;;;;;;2514;3281;porM
MB28-T2-21.JPG;12/13/2022;1208;T2;MERMAID Reef Survey;;;;;;;;;;;;;;3428;182;Spog
MB28-T2-21.JPG;12/13/2022;1208;T2;MERMAID Reef Survey;;;;;;;;;;;;;;3356;2037;SGR
MB28-T2-21.JPG;12/13/2022;1208;T2;MERMAID Reef Survey;;;;;;;;;;;;;;3383;2451;SGR
MB28-T2-21.JPG;12/13/2022;1208;T2;MERMAID Reef Survey;;;;;;;;;;;;;;2851;2672;SND
MB28-T2-21.JPG;12/13/2022;1208;T2;MERMAID Reef Survey;;;;;;;;;;;;;;3395;2805;SND
MB28-T2-21.JPG;12/13/2022;1208;T2;MERMAID Reef Survey;;;;;;;;;;;;;;3414;3456;AHAL
MB28-T2-21.JPG;12/13/2022;1208;T2;MERMAID Reef Survey;;;;;;;;;;;;;;3447;3364;ATRF
MB28-T2-21.JPG;12/13/2022;1208;T2;MERMAID Reef Survey;;;;;;;;;;;;;;3371;3115;SND
MB28-T2-22.JPG;12/13/2022;1208;T2;MERMAID Reef Survey;;;;;;;;;;;;;;167;601;SND
MB28-T2-22.JPG;12/13/2022;1208;T2;MERMAID Reef Survey;;;;;;;;;;;;;;66;2708;porB
MB28-T2-22.JPG;12/13/2022;1208;T2;MERMAID Reef Survey;;;;;;;;;;;;;;406;2349;porB
MB28-T2-22.JPG;12/13/2022;1208;T2;MERMAID Reef Survey;;;;;;;;;;;;;;11;2343;oul
MB28-T2-22.JPG;12/13/2022;1208;T2;MERMAID Reef Survey;;;;;;;;;;;;;;443;3307;oxy
MB28-T2-22.JPG;12/13/2022;1208;T2;MERMAID Reef Survey;;;;;;;;;;;;;;440;3441;pac
MB28-T2-22.JPG;12/13/2022;1208;T2;MERMAID Reef Survey;;;;;;;;;;;;;;1175;592;paa
MB28-T2-22.JPG;12/13/2022;1208;T2;MERMAID Reef Survey;;;;;;;;;;;;;;1113;789;par
MB28-T2-22.JPG;12/13/2022;1208;T2;MERMAID Reef Survey;;;;;;;;;;;;;;1052;1017;pav
MB28-T2-22.JPG;12/13/2022;1208;T2;MERMAID Reef Survey;;;;;;;;;;;;;;2107;1484;pec
MB28-T2-22.JPG;12/13/2022;1208;T2;MERMAID Reef Survey;;;;;;;;;;;;;;1692;1772;phy
MB28-T2-22.JPG;12/13/2022;1208;T2;MERMAID Reef Survey;;;;;;;;;;;;;;1834;2577;pla
MB28-T2-22.JPG;12/13/2022;1208;T2;MERMAID Reef Survey;;;;;;;;;;;;;;1742;3506;plg
MB28-T2-22.JPG;12/13/2022;1208;T2;MERMAID Reef Survey;;;;;;;;;;;;;;1814;3167;pls
MB28-T2-22.JPG;12/13/2022;1208;T2;MERMAID Reef Survey;;;;;;;;;;;;;;1952;3055;poc
MB28-T2-22.JPG;12/13/2022;1208;T2;MERMAID Reef Survey;;;;;;;;;;;;;;1529;3208;pod
MB28-T2-22.JPG;12/13/2022;1208;T2;MERMAID Reef Survey;;;;;;;;;;;;;;1775;3259;pol
MB28-T2-22.JPG;12/13/2022;1208;T2;MERMAID Reef Survey;;;;;;;;;;;;;;2433;1000;por
MB28-T2-22.JPG;12/13/2022;1208;T2;MERMAID Reef Survey;;;;;;;;;;;;;;2597;1828;porB
MB28-T2-22.JPG;12/13/2022;1208;T2;MERMAID Reef Survey;;;;;;;;;;;;;;2344;1754;porM
MB28-T2-22.JPG;12/13/2022;1208;T2;MERMAID Reef Survey;;;;;;;;;;;;;;2769;1734;ACOR
MB28-T2-22.JPG;12/13/2022;1208;T2;MERMAID Reef Survey;;;;;;;;;;;;;;2357;2583;porB
MB28-T2-22.JPG;12/13/2022;1208;T2;MERMAID Reef Survey;;;;;;;;;;;;;;2252;3328;AMAC
MB28-T2-22.JPG;12/13/2022;1208;T2;MERMAID Reef Survey;;;;;;;;;;;;;;2617;3005;porB
MB28-T2-22.JPG;12/13/2022;1208;T2;MERMAID Reef Survey;;;;;;;;;;;;;;3052;686;porM
MB28-T2-23.JPG;12/13/2022;1208;T2;MERMAID Reef Survey;;;;;;;;;;;;;;696;1858;porB
MB28-T2-23.JPG;12/13/2022;1208;T2;MERMAID Reef Survey;;;;;;;;;;;;;;170;2584;porB
MB28-T2-23.JPG;12/13/2022;1208;T2;MERMAID Reef Survey;;;;;;;;;;;;;;510;3493;porB
MB28-T2-23.JPG;12/13/2022;1208;T2;MERMAID Reef Survey;;;;;;;;;;;;;;885;295;acr
MB28-T2-23.JPG;12/13/2022;1208;T2;MERMAID Reef Survey;;;;;;;;;;;;;;816;775;acr
MB28-T2-23.JPG;12/13/2022;1208;T2;MERMAID Reef Survey;;;;;;;;;;;;;;890;1896;porB
MB28-T2-23.JPG;12/13/2022;1208;T2;MERMAID Reef Survey;;;;;;;;;;;;;;1148;1574;porB
MB28-T2-23.JPG;12/13/2022;1208;T2;MERMAID Reef Survey;;;;;;;;;;;;;;757;1549;porB
MB28-T2-23.JPG;12/13/2022;1208;T2;MERMAID Reef Survey;;;;;;;;;;;;;;753;2437;porB
MB28-T2-23.JPG;12/13/2022;1208;T2;MERMAID Reef Survey;;;;;;;;;;;;;;962;2774;porB
MB28-T2-23.JPG;12/13/2022;1208;T2;MERMAID Reef Survey;;;;;;;;;;;;;;1461;2101;porB
MB28-T2-23.JPG;12/13/2022;1208;T2;MERMAID Reef Survey;;;;;;;;;;;;;;1423;2351;porB
MB28-T2-23.JPG;12/13/2022;1208;T2;MERMAID Reef Survey;;;;;;;;;;;;;;2026;3059;porB
MB28-T2-23.JPG;12/13/2022;1208;T2;MERMAID Reef Survey;;;;;;;;;;;;;;2628;378;porB
MB28-T2-23.JPG;12/13/2022;1208;T2;MERMAID Reef Survey;;;;;;;;;;;;;;2806;730;porB
MB28-T2-23.JPG;12/13/2022;1208;T2;MERMAID Reef Survey;;;;;;;;;;;;;;2824;905;porB
MB28-T2-23.JPG;12/13/2022;1208;T2;MERMAID Reef Survey;;;;;;;;;;;;;;2203;2884;oul
MB28-T2-23.JPG;12/13/2022;1208;T2;MERMAID Reef Survey;;;;;;;;;;;;;;2472;3019;oxy
MB28-T2-23.JPG;12/13/2022;1208;T2;MERMAID Reef Survey;;;;;;;;;;;;;;3358;356;pac
MB28-T2-23.JPG;12/13/2022;1208;T2;MERMAID Reef Survey;;;;;;;;;;;;;;3298;966;paa
MB28-T2-23.JPG;12/13/2022;1208;T2;MERMAID Reef Survey;;;;;;;;;;;;;;3073;2087;par
MB28-T2-23.JPG;12/13/2022;1208;T2;MERMAID Reef Survey;;;;;;;;;;;;;;3404;1715;pav
MB28-T2-23.JPG;12/13/2022;1208;T2;MERMAID Reef Survey;;;;;;;;;;;;;;3066;2811;pec
MB28-T2-23.JPG;12/13/2022;1208;T2;MERMAID Reef Survey;;;;;;;;;;;;;;3436;2280;phy
MB28-T2-23.JPG;12/13/2022;1208;T2;MERMAID Reef Survey;;;;;;;;;;;;;;3053;3314;pla
MB28-T2-24.JPG;12/13/2022;1208;T2;MERMAID Reef Survey;;;;;;;;;;;;;;533;1051;plg
MB28-T2-24.JPG;12/13/2022;1208;T2;MERMAID Reef Survey;;;;;;;;;;;;;;490;1124;pls
MB28-T2-24.JPG;12/13/2022;1208;T2;MERMAID Reef Survey;;;;;;;;;;;;;;442;1760;poc
MB28-T2-24.JPG;12/13/2022;1208;T2;MERMAID Reef Survey;;;;;;;;;;;;;;665;1869;pod
MB28-T2-24.JPG;12/13/2022;1208;T2;MERMAID Reef Survey;;;;;;;;;;;;;;339;2427;pol
MB28-T2-24.JPG;12/13/2022;1208;T2;MERMAID Reef Survey;;;;;;;;;;;;;;451;2614;por
MB28-T2-24.JPG;12/13/2022;1208;T2;MERMAID Reef Survey;;;;;;;;;;;;;;25;2732;porB
MB28-T2-24.JPG;12/13/2022;1208;T2;MERMAID Reef Survey;;;;;;;;;;;;;;1013;735;porM
MB28-T2-24.JPG;12/13/2022;1208;T2;MERMAID Reef Survey;;;;;;;;;;;;;;1251;1126;porM
MB28-T2-24.JPG;12/13/2022;1208;T2;MERMAID Reef Survey;;;;;;;;;;;;;;976;1703;epo
MB28-T2-24.JPG;12/13/2022;1208;T2;MERMAID Reef Survey;;;;;;;;;;;;;;1004;2450;porB
MB28-T2-24.JPG;12/13/2022;1208;T2;MERMAID Reef Survey;;;;;;;;;;;;;;1255;3037;porB
MB28-T2-24.JPG;12/13/2022;1208;T2;MERMAID Reef Survey;;;;;;;;;;;;;;1487;406;ATRF
MB28-T2-24.JPG;12/13/2022;1208;T2;MERMAID Reef Survey;;;;;;;;;;;;;;1563;825;porM
MB28-T2-24.JPG;12/13/2022;1208;T2;MERMAID Reef Survey;;;;;;;;;;;;;;1532;940;porM
MB28-T2-24.JPG;12/13/2022;1208;T2;MERMAID Reef Survey;;;;;;;;;;;;;;2241;59;ATRF
MB28-T2-24.JPG;12/13/2022;1208;T2;MERMAID Reef Survey;;;;;;;;;;;;;;2629;1043;ATRF
MB28-T2-24.JPG;12/13/2022;1208;T2;MERMAID Reef Survey;;;;;;;;;;;;;;2749;2358;porM
MB28-T2-24.JPG;12/13/2022;1208;T2;MERMAID Reef Survey;;;;;;;;;;;;;;2224;2473;Hydr
MB28-T2-24.JPG;12/13/2022;1208;T2;MERMAID Reef Survey;;;;;;;;;;;;;;3502;636;ATRF
MB28-T2-24.JPG;12/13/2022;1208;T2;MERMAID Reef Survey;;;;;;;;;;;;;;3218;364;ATRF
MB28-T2-24.JPG;12/13/2022;1208;T2;MERMAID Reef Survey;;;;;;;;;;;;;;3330;1537;ATRF
MB28-T2-24.JPG;12/13/2022;1208;T2;MERMAID Reef Survey;;;;;;;;;;;;;;3159;1463;ATRF
MB28-T2-24.JPG;12/13/2022;1208;T2;MERMAID Reef Survey;;;;;;;;;;;;;;3360;2428;AMAC
MB28-T2-24.JPG;12/13/2022;1208;T2;MERMAID Reef Survey;;;;;;;;;;;;;;2961;2533;Cmorph
MB28-T2-25.JPG;12/13/2022;1208;T2;MERMAID Reef Survey;;;;;;;;;;;;;;474;354;Cmorph
MB28-T2-25.JPG;12/13/2022;1208;T2;MERMAID Reef Survey;;;;;;;;;;;;;;560;86;oul
MB28-T2-25.JPG;12/13/2022;1208;T2;MERMAID Reef Survey;;;;;;;;;;;;;;227;802;oxy
MB28-T2-25.JPG;12/13/2022;1208;T2;MERMAID Reef Survey;;;;;;;;;;;;;;379;2049;pac
MB28-T2-25.JPG;12/13/2022;1208;T2;MERMAID Reef Survey;;;;;;;;;;;;;;393;2172;paa
MB28-T2-25.JPG;12/13/2022;1208;T2;MERMAID Reef Survey;;;;;;;;;;;;;;498;2590;par
MB28-T2-25.JPG;12/13/2022;1208;T2;MERMAID Reef Survey;;;;;;;;;;;;;;667;2890;pav
MB28-T2-25.JPG;12/13/2022;1208;T2;MERMAID Reef Survey;;;;;;;;;;;;;;813;113;pec
MB28-T2-25.JPG;12/13/2022;1208;T2;MERMAID Reef Survey;;;;;;;;;;;;;;972;831;phy
MB28-T2-25.JPG;12/13/2022;1208;T2;MERMAID Reef Survey;;;;;;;;;;;;;;776;1347;pla
MB28-T2-25.JPG;12/13/2022;1208;T2;MERMAID Reef Survey;;;;;;;;;;;;;;1285;1921;plg
MB28-T2-25.JPG;12/13/2022;1208;T2;MERMAID Reef Survey;;;;;;;;;;;;;;1075;1995;pls
MB28-T2-25.JPG;12/13/2022;1208;T2;MERMAID Reef Survey;;;;;;;;;;;;;;1851;2655;poc
MB28-T2-25.JPG;12/13/2022;1208;T2;MERMAID Reef Survey;;;;;;;;;;;;;;1502;2602;pod
MB28-T2-25.JPG;12/13/2022;1208;T2;MERMAID Reef Survey;;;;;;;;;;;;;;1503;3125;pol
MB28-T2-25.JPG;12/13/2022;1208;T2;MERMAID Reef Survey;;;;;;;;;;;;;;2426;509;por
MB28-T2-25.JPG;12/13/2022;1208;T2;MERMAID Reef Survey;;;;;;;;;;;;;;2751;1268;porB
MB28-T2-25.JPG;12/13/2022;1208;T2;MERMAID Reef Survey;;;;;;;;;;;;;;2778;1046;porM
MB28-T2-25.JPG;12/13/2022;1208;T2;MERMAID Reef Survey;;;;;;;;;;;;;;2471;2433;porB
MB28-T2-25.JPG;12/13/2022;1208;T2;MERMAID Reef Survey;;;;;;;;;;;;;;2652;2134;porB
MB28-T2-25.JPG;12/13/2022;1208;T2;MERMAID Reef Survey;;;;;;;;;;;;;;2262;2440;porB
MB28-T2-25.JPG;12/13/2022;1208;T2;MERMAID Reef Survey;;;;;;;;;;;;;;2993;281;Cmorph
MB28-T2-25.JPG;12/13/2022;1208;T2;MERMAID Reef Survey;;;;;;;;;;;;;;3263;145;Cmorph
MB28-T2-25.JPG;12/13/2022;1208;T2;MERMAID Reef Survey;;;;;;;;;;;;;;3345;1093;Cmorph
MB28-T2-25.JPG;12/13/2022;1208;T2;MERMAID Reef Survey;;;;;;;;;;;;;;3539;2273;porB
MB28-T3-01.JPG;12/13/2022;1208;T3;MERMAID Reef Survey;;;;;;;;;;;;;;149;1394;Cmorph
MB28-T3-01.JPG;12/13/2022;1208;T3;MERMAID Reef Survey;;;;;;;;;;;;;;250;1199;Cmorph
MB28-T3-01.JPG;12/13/2022;1208;T3;MERMAID Reef Survey;;;;;;;;;;;;;;289;2287;porB
MB28-T3-01.JPG;12/13/2022;1208;T3;MERMAID Reef Survey;;;;;;;;;;;;;;445;2317;porB
MB28-T3-01.JPG;12/13/2022;1208;T3;MERMAID Reef Survey;;;;;;;;;;;;;;616;2423;AHAL
MB28-T3-01.JPG;12/13/2022;1208;T3;MERMAID Reef Survey;;;;;;;;;;;;;;1153;1234;porM
MB28-T3-01.JPG;12/13/2022;1208;T3;MERMAID Reef Survey;;;;;;;;;;;;;;1266;872;porM
MB28-T3-01.JPG;12/13/2022;1208;T3;MERMAID Reef Survey;;;;;;;;;;;;;;824;1940;AHAL
MB28-T3-01.JPG;12/13/2022;1208;T3;MERMAID Reef Survey;;;;;;;;;;;;;;911;2802;TWS
MB28-T3-01.JPG;12/13/2022;1208;T3;MERMAID Reef Survey;;;;;;;;;;;;;;1215;2622;porM
MB28-T3-01.JPG;12/13/2022;1208;T3;MERMAID Reef Survey;;;;;;;;;;;;;;913;2733;porB
MB28-T3-01.JPG;12/13/2022;1208;T3;MERMAID Reef Survey;;;;;;;;;;;;;;1604;117;porB
MB28-T3-01.JPG;12/13/2022;1208;T3;MERMAID Reef Survey;;;;;;;;;;;;;;2078;339;porM
MB28-T3-01.JPG;12/13/2022;1208;T3;MERMAID Reef Survey;;;;;;;;;;;;;;1995;736;AMAC
MB28-T3-01.JPG;12/13/2022;1208;T3;MERMAID Reef Survey;;;;;;;;;;;;;;1501;1085;porM
MB28-T3-01.JPG;12/13/2022;1208;T3;MERMAID Reef Survey;;;;;;;;;;;;;;2506;665;porM
MB28-T3-01.JPG;12/13/2022;1208;T3;MERMAID Reef Survey;;;;;;;;;;;;;;2251;157;psa
MB28-T3-01.JPG;12/13/2022;1208;T3;MERMAID Reef Survey;;;;;;;;;;;;;;2358;1065;pse
MB28-T3-01.JPG;12/13/2022;1208;T3;MERMAID Reef Survey;;;;;;;;;;;;;;2516;1648;RCK
MB28-T3-01.JPG;12/13/2022;1208;T3;MERMAID Reef Survey;;;;;;;;;;;;;;2368;2692;RUB
MB28-T3-01.JPG;12/13/2022;1208;T3;MERMAID Reef Survey;;;;;;;;;;;;;;2566;3288;SND
MB28-T3-01.JPG;12/13/2022;1208;T3;MERMAID Reef Survey;;;;;;;;;;;;;;3470;1460;san
MB28-T3-01.JPG;12/13/2022;1208;T3;MERMAID Reef Survey;;;;;;;;;;;;;;3451;1849;Sar
MB28-T3-01.JPG;12/13/2022;1208;T3;MERMAID Reef Survey;;;;;;;;;;;;;;3367;2390;sco
MB28-T3-01.JPG;12/13/2022;1208;T3;MERMAID Reef Survey;;;;;;;;;;;;;;3063;2868;SGR
MB28-T3-02.JPG;12/13/2022;1208;T3;MERMAID Reef Survey;;;;;;;;;;;;;;565;3294;ser
MB28-T3-02.JPG;12/13/2022;1208;T3;MERMAID Reef Survey;;;;;;;;;;;;;;102;3088;sid
MB28-T3-02.JPG;12/13/2022;1208;T3;MERMAID Reef Survey;;;;;;;;;;;;;;377;3396;SIL
MB28-T3-02.JPG;12/13/2022;1208;T3;MERMAID Reef Survey;;;;;;;;;;;;;;600;3394;Sin
MB28-T3-02.JPG;12/13/2022;1208;T3;MERMAID Reef Survey;;;;;;;;;;;;;;884;223;SC
MB28-T3-02.JPG;12/13/2022;1208;T3;MERMAID Reef Survey;;;;;;;;;;;;;;974;1407;Spog
MB28-T3-02.JPG;12/13/2022;1208;T3;MERMAID Reef Survey;;;;;;;;;;;;;;1000;1859;Hydr
MB28-T3-02.JPG;12/13/2022;1208;T3;MERMAID Reef Survey;;;;;;;;;;;;;;1166;1437;Hydr
MB28-T3-02.JPG;12/13/2022;1208;T3;MERMAID Reef Survey;;;;;;;;;;;;;;947;1524;Hydr
MB28-T3-02.JPG;12/13/2022;1208;T3;MERMAID Reef Survey;;;;;;;;;;;;;;1037;2777;ATRF
MB28-T3-02.JPG;12/13/2022;1208;T3;MERMAID Reef Survey;;;;;;;;;;;;;;1498;684;ATRF
MB28-T3-02.JPG;12/13/2022;1208;T3;MERMAID Reef Survey;;;;;;;;;;;;;;1702;860;porM
MB28-T3-02.JPG;12/13/2022;1208;T3;MERMAID Reef Survey;;;;;;;;;;;;;;1573;737;porM
MB28-T3-02.JPG;12/13/2022;1208;T3;MERMAID Reef Survey;;;;;;;;;;;;;;1660;1764;porM
MB28-T3-02.JPG;12/13/2022;1208;T3;MERMAID Reef Survey;;;;;;;;;;;;;;1570;1531;porM
MB28-T3-02.JPG;12/13/2022;1208;T3;MERMAID Reef Survey;;;;;;;;;;;;;;1888;1761;porM
MB28-T3-02.JPG;12/13/2022;1208;T3;MERMAID Reef Survey;;;;;;;;;;;;;;1509;2380;porM
MB28-T3-02.JPG;12/13/2022;1208;T3;MERMAID Reef Survey;;;;;;;;;;;;;;1747;2549;porM
MB28-T3-02.JPG;12/13/2022;1208;T3;MERMAID Reef Survey;;;;;;;;;;;;;;1647;2615;porM
MB28-T3-02.JPG;12/13/2022;1208;T3;MERMAID Reef Survey;;;;;;;;;;;;;;1558;3505;porM
MB28-T3-02.JPG;12/13/2022;1208;T3;MERMAID Reef Survey;;;;;;;;;;;;;;2208;821;porM
MB28-T3-02.JPG;12/13/2022;1208;T3;MERMAID Reef Survey;;;;;;;;;;;;;;2442;1676;porM
MB28-T3-02.JPG;12/13/2022;1208;T3;MERMAID Reef Survey;;;;;;;;;;;;;;2318;3410;ATRF
MB28-T3-02.JPG;12/13/2022;1208;T3;MERMAID Reef Survey;;;;;;;;;;;;;;3496;1063;ATRF
MB28-T3-02.JPG;12/13/2022;1208;T3;MERMAID Reef Survey;;;;;;;;;;;;;;3369;1078;AMAC
MB28-T3-03.JPG;12/13/2022;1208;T3;MERMAID Reef Survey;;;;;;;;;;;;;;235;596;SGR
MB28-T3-03.JPG;12/13/2022;1208;T3;MERMAID Reef Survey;;;;;;;;;;;;;;272;244;SGR
MB28-T3-03.JPG;12/13/2022;1208;T3;MERMAID Reef Survey;;;;;;;;;;;;;;468;473;ATRF
MB28-T3-03.JPG;12/13/2022;1208;T3;MERMAID Reef Survey;;;;;;;;;;;;;;518;1809;ATRF
MB28-T3-03.JPG;12/13/2022;1208;T3;MERMAID Reef Survey;;;;;;;;;;;;;;218;2533;AMAC
MB28-T3-03.JPG;12/13/2022;1208;T3;MERMAID Reef Survey;;;;;;;;;;;;;;118;3340;SND
MB28-T3-03.JPG;12/13/2022;1208;T3;MERMAID Reef Survey;;;;;;;;;;;;;;1216;59;SGR
MB28-T3-03.JPG;12/13/2022;1208;T3;MERMAID Reef Survey;;;;;;;;;;;;;;791;2119;ATRF
MB28-T3-03.JPG;12/13/2022;1208;T3;MERMAID Reef Survey;;;;;;;;;;;;;;1300;2651;psa
MB28-T3-03.JPG;12/13/2022;1208;T3;MERMAID Reef Survey;;;;;;;;;;;;;;843;3168;pse
MB28-T3-03.JPG;12/13/2022;1208;T3;MERMAID Reef Survey;;;;;;;;;;;;;;1371;2944;RCK
MB28-T3-03.JPG;12/13/2022;1208;T3;MERMAID Reef Survey;;;;;;;;;;;;;;1905;608;RUB
MB28-T3-03.JPG;12/13/2022;1208;T3;MERMAID Reef Survey;;;;;;;;;;;;;;1743;1290;SND
MB28-T3-03.JPG;12/13/2022;1208;T3;MERMAID Reef Survey;;;;;;;;;;;;;;1957;1538;san
MB28-T3-03.JPG;12/13/2022;1208;T3;MERMAID Reef Survey;;;;;;;;;;;;;;2276;637;Sar
MB28-T3-03.JPG;12/13/2022;1208;T3;MERMAID Reef Survey;;;;;;;;;;;;;;2617;631;sco
MB28-T3-03.JPG;12/13/2022;1208;T3;MERMAID Reef Survey;;;;;;;;;;;;;;2180;1267;SGR
MB28-T3-03.JPG;12/13/2022;1208;T3;MERMAID Reef Survey;;;;;;;;;;;;;;3480;627;ser
MB28-T3-03.JPG;12/13/2022;1208;T3;MERMAID Reef Survey;;;;;;;;;;;;;;3531;641;sid
MB28-T3-03.JPG;12/13/2022;1208;T3;MERMAID Reef Survey;;;;;;;;;;;;;;2870;130;SIL
MB28-T3-03.JPG;12/13/2022;1208;T3;MERMAID Reef Survey;;;;;;;;;;;;;;3153;1261;Sin
MB28-T3-03.JPG;12/13/2022;1208;T3;MERMAID Reef Survey;;;;;;;;;;;;;;3087;926;SC
MB28-T3-03.JPG;12/13/2022;1208;T3;MERMAID Reef Survey;;;;;;;;;;;;;;2879;2093;Spog
MB28-T3-03.JPG;12/13/2022;1208;T3;MERMAID Reef Survey;;;;;;;;;;;;;;3237;2010;ATRF
MB28-T3-03.JPG;12/13/2022;1208;T3;MERMAID Reef Survey;;;;;;;;;;;;;;3111;3129;SND
MB28-T3-04.JPG;12/13/2022;1208;T3;MERMAID Reef Survey;;;;;;;;;;;;;;342;643;porB
MB28-T3-04.JPG;12/13/2022;1208;T3;MERMAID Reef Survey;;;;;;;;;;;;;;549;803;porB
MB28-T3-04.JPG;12/13/2022;1208;T3;MERMAID Reef Survey;;;;;;;;;;;;;;210;1805;porB
MB28-T3-04.JPG;12/13/2022;1208;T3;MERMAID Reef Survey;;;;;;;;;;;;;;395;1687;porB
MB28-T3-04.JPG;12/13/2022;1208;T3;MERMAID Reef Survey;;;;;;;;;;;;;;346;1609;porB
MB28-T3-04.JPG;12/13/2022;1208;T3;MERMAID Reef Survey;;;;;;;;;;;;;;445;2551;porB
MB28-T3-04.JPG;12/13/2022;1208;T3;MERMAID Reef Survey;;;;;;;;;;;;;;602;3462;AMAC
MB28-T3-04.JPG;12/13/2022;1208;T3;MERMAID Reef Survey;;;;;;;;;;;;;;613;3048;porB
MB28-T3-04.JPG;12/13/2022;1208;T3;MERMAID Reef Survey;;;;;;;;;;;;;;191;3198;OBS
MB28-T3-04.JPG;12/13/2022;1208;T3;MERMAID Reef Survey;;;;;;;;;;;;;;1094;1274;porB
MB28-T3-04.JPG;12/13/2022;1208;T3;MERMAID Reef Survey;;;;;;;;;;;;;;901;2747;porB
MB28-T3-04.JPG;12/13/2022;1208;T3;MERMAID Reef Survey;;;;;;;;;;;;;;1239;2712;ACOR
MB28-T3-04.JPG;12/13/2022;1208;T3;MERMAID Reef Survey;;;;;;;;;;;;;;994;3497;ACOR
MB28-T3-04.JPG;12/13/2022;1208;T3;MERMAID Reef Survey;;;;;;;;;;;;;;935;2868;ACOR
MB28-T3-04.JPG;12/13/2022;1208;T3;MERMAID Reef Survey;;;;;;;;;;;;;;1949;237;porB
MB28-T3-04.JPG;12/13/2022;1208;T3;MERMAID Reef Survey;;;;;;;;;;;;;;1917;2864;porB
MB28-T3-04.JPG;12/13/2022;1208;T3;MERMAID Reef Survey;;;;;;;;;;;;;;1989;3484;ATRF
MB28-T3-04.JPG;12/13/2022;1208;T3;MERMAID Reef Survey;;;;;;;;;;;;;;2677;696;porB
MB28-T3-04.JPG;12/13/2022;1208;T3;MERMAID Reef Survey;;;;;;;;;;;;;;3339;570;porB
MB28-T3-04.JPG;12/13/2022;1208;T3;MERMAID Reef Survey;;;;;;;;;;;;;;3440;352;porB
MB28-T3-04.JPG;12/13/2022;1208;T3;MERMAID Reef Survey;;;;;;;;;;;;;;3347;931;porB
MB28-T3-04.JPG;12/13/2022;1208;T3;MERMAID Reef Survey;;;;;;;;;;;;;;2958;2033;porB
MB28-T3-04.JPG;12/13/2022;1208;T3;MERMAID Reef Survey;;;;;;;;;;;;;;2953;2809;ATRF
MB28-T3-04.JPG;12/13/2022;1208;T3;MERMAID Reef Survey;;;;;;;;;;;;;;3334;2771;porB
MB28-T3-04.JPG;12/13/2022;1208;T3;MERMAID Reef Survey;;;;;;;;;;;;;;3410;2848;AMAC
MB28-T3-05.JPG;12/13/2022;1208;T3;MERMAID Reef Survey;;;;;;;;;;;;;;220;498;porB
MB28-T3-05.JPG;12/13/2022;1208;T3;MERMAID Reef Survey;;;;;;;;;;;;;;342;2155;Spog
MB28-T3-05.JPG;12/13/2022;1208;T3;MERMAID Reef Survey;;;;;;;;;;;;;;91;2162;les
MB28-T3-05.JPG;12/13/2022;1208;T3;MERMAID Reef Survey;;;;;;;;;;;;;;334;2666;porB
MB28-T3-05.JPG;12/13/2022;1208;T3;MERMAID Reef Survey;;;;;;;;;;;;;;333;3461;porB
MB28-T3-05.JPG;12/13/2022;1208;T3;MERMAID Reef Survey;;;;;;;;;;;;;;41;2920;porB
MB28-T3-05.JPG;12/13/2022;1208;T3;MERMAID Reef Survey;;;;;;;;;;;;;;693;3012;porB
MB28-T3-05.JPG;12/13/2022;1208;T3;MERMAID Reef Survey;;;;;;;;;;;;;;904;1117;porB
MB28-T3-05.JPG;12/13/2022;1208;T3;MERMAID Reef Survey;;;;;;;;;;;;;;1016;2184;porB
MB28-T3-05.JPG;12/13/2022;1208;T3;MERMAID Reef Survey;;;;;;;;;;;;;;1016;2348;ACOR
MB28-T3-05.JPG;12/13/2022;1208;T3;MERMAID Reef Survey;;;;;;;;;;;;;;1489;638;porM
MB28-T3-05.JPG;12/13/2022;1208;T3;MERMAID Reef Survey;;;;;;;;;;;;;;1718;1164;ACOR
MB28-T3-05.JPG;12/13/2022;1208;T3;MERMAID Reef Survey;;;;;;;;;;;;;;1819;2699;ACOR
MB28-T3-05.JPG;12/13/2022;1208;T3;MERMAID Reef Survey;;;;;;;;;;;;;;2379;2056;porB
MB28-T3-05.JPG;12/13/2022;1208;T3;MERMAID Reef Survey;;;;;;;;;;;;;;2656;2664;psa
MB28-T3-05.JPG;12/13/2022;1208;T3;MERMAID Reef Survey;;;;;;;;;;;;;;2695;3360;pse
MB28-T3-05.JPG;12/13/2022;1208;T3;MERMAID Reef Survey;;;;;;;;;;;;;;2999;355;RCK
MB28-T3-05.JPG;12/13/2022;1208;T3;MERMAID Reef Survey;;;;;;;;;;;;;;3090;162;RUB
MB28-T3-05.JPG;12/13/2022;1208;T3;MERMAID Reef Survey;;;;;;;;;;;;;;3460;743;SND
MB28-T3-05.JPG;12/13/2022;1208;T3;MERMAID Reef Survey;;;;;;;;;;;;;;3143;976;san
MB28-T3-05.JPG;12/13/2022;1208;T3;MERMAID Reef Survey;;;;;;;;;;;;;;3400;1919;Sar
MB28-T3-05.JPG;12/13/2022;1208;T3;MERMAID Reef Survey;;;;;;;;;;;;;;3429;3119;sco
MB28-T3-05.JPG;12/13/2022;1208;T3;MERMAID Reef Survey;;;;;;;;;;;;;;3008;2854;SGR
MB28-T3-05.JPG;12/13/2022;1208;T3;MERMAID Reef Survey;;;;;;;;;;;;;;3439;2881;ser
MB28-T3-05.JPG;12/13/2022;1208;T3;MERMAID Reef Survey;;;;;;;;;;;;;;3548;3194;sid
MB28-T3-06.JPG;12/13/2022;1208;T3;MERMAID Reef Survey;;;;;;;;;;;;;;537;134;SIL
MB28-T3-06.JPG;12/13/2022;1208;T3;MERMAID Reef Survey;;;;;;;;;;;;;;137;1422;Sin
MB28-T3-06.JPG;12/13/2022;1208;T3;MERMAID Reef Survey;;;;;;;;;;;;;;21;2165;SC
MB28-T3-06.JPG;12/13/2022;1208;T3;MERMAID Reef Survey;;;;;;;;;;;;;;493;2608;Spog
MB28-T3-06.JPG;12/13/2022;1208;T3;MERMAID Reef Survey;;;;;;;;;;;;;;730;234;ATRF
MB28-T3-06.JPG;12/13/2022;1208;T3;MERMAID Reef Survey;;;;;;;;;;;;;;1249;558;AMAC
MB28-T3-06.JPG;12/13/2022;1208;T3;MERMAID Reef Survey;;;;;;;;;;;;;;1192;595;acr
MB28-T3-06.JPG;12/13/2022;1208;T3;MERMAID Reef Survey;;;;;;;;;;;;;;1043;1740;acr
MB28-T3-06.JPG;12/13/2022;1208;T3;MERMAID Reef Survey;;;;;;;;;;;;;;1027;3240;AMAC
MB28-T3-06.JPG;12/13/2022;1208;T3;MERMAID Reef Survey;;;;;;;;;;;;;;1737;523;TWS
MB28-T3-06.JPG;12/13/2022;1208;T3;MERMAID Reef Survey;;;;;;;;;;;;;;2043;89;ATRF
MB28-T3-06.JPG;12/13/2022;1208;T3;MERMAID Reef Survey;;;;;;;;;;;;;;1916;676;acr
MB28-T3-06.JPG;12/13/2022;1208;T3;MERMAID Reef Survey;;;;;;;;;;;;;;1561;2082;acr
MB28-T3-06.JPG;12/13/2022;1208;T3;MERMAID Reef Survey;;;;;;;;;;;;;;1952;1457;les
MB28-T3-06.JPG;12/13/2022;1208;T3;MERMAID Reef Survey;;;;;;;;;;;;;;1433;2005;acr
MB28-T3-06.JPG;12/13/2022;1208;T3;MERMAID Reef Survey;;;;;;;;;;;;;;1540;1436;acr
MB28-T3-06.JPG;12/13/2022;1208;T3;MERMAID Reef Survey;;;;;;;;;;;;;;1443;3114;porB
MB28-T3-06.JPG;12/13/2022;1208;T3;MERMAID Reef Survey;;;;;;;;;;;;;;2301;152;psa
MB28-T3-06.JPG;12/13/2022;1208;T3;MERMAID Reef Survey;;;;;;;;;;;;;;2829;940;pse
MB28-T3-06.JPG;12/13/2022;1208;T3;MERMAID Reef Survey;;;;;;;;;;;;;;2438;1555;RCK
MB28-T3-06.JPG;12/13/2022;1208;T3;MERMAID Reef Survey;;;;;;;;;;;;;;2216;2784;RUB
MB28-T3-06.JPG;12/13/2022;1208;T3;MERMAID Reef Survey;;;;;;;;;;;;;;2490;2168;SND
MB28-T3-06.JPG;12/13/2022;1208;T3;MERMAID Reef Survey;;;;;;;;;;;;;;2368;3320;san
MB28-T3-06.JPG;12/13/2022;1208;T3;MERMAID Reef Survey;;;;;;;;;;;;;;2362;2845;Sar
MB28-T3-06.JPG;12/13/2022;1208;T3;MERMAID Reef Survey;;;;;;;;;;;;;;3062;1165;sco
MB28-T3-07.JPG;12/13/2022;1208;T3;MERMAID Reef Survey;;;;;;;;;;;;;;515;43;SGR
MB28-T3-07.JPG;12/13/2022;1208;T3;MERMAID Reef Survey;;;;;;;;;;;;;;581;168;ser
MB28-T3-07.JPG;12/13/2022;1208;T3;MERMAID Reef Survey;;;;;;;;;;;;;;633;1487;sid
MB28-T3-07.JPG;12/13/2022;1208;T3;MERMAID Reef Survey;;;;;;;;;;;;;;381;2892;SIL
MB28-T3-07.JPG;12/13/2022;1208;T3;MERMAID Reef Survey;;;;;;;;;;;;;;981;99;Sin
MB28-T3-07.JPG;12/13/2022;1208;T3;MERMAID Reef Survey;;;;;;;;;;;;;;1019;544;SC
MB28-T3-07.JPG;12/13/2022;1208;T3;MERMAID Reef Survey;;;;;;;;;;;;;;827;265;Spog
MB28-T3-07.JPG;12/13/2022;1208;T3;MERMAID Reef Survey;;;;;;;;;;;;;;908;1388;porM
MB28-T3-07.JPG;12/13/2022;1208;T3;MERMAID Reef Survey;;;;;;;;;;;;;;1419;1280;porM
MB28-T3-07.JPG;12/13/2022;1208;T3;MERMAID Reef Survey;;;;;;;;;;;;;;1384;999;porM
MB28-T3-07.JPG;12/13/2022;1208;T3;MERMAID Reef Survey;;;;;;;;;;;;;;986;1747;poc
MB28-T3-07.JPG;12/13/2022;1208;T3;MERMAID Reef Survey;;;;;;;;;;;;;;801;2532;porM
MB28-T3-07.JPG;12/13/2022;1208;T3;MERMAID Reef Survey;;;;;;;;;;;;;;887;2921;acr
MB28-T3-07.JPG;12/13/2022;1208;T3;MERMAID Reef Survey;;;;;;;;;;;;;;951;2954;porB
MB28-T3-07.JPG;12/13/2022;1208;T3;MERMAID Reef Survey;;;;;;;;;;;;;;1841;1730;porB
MB28-T3-07.JPG;12/13/2022;1208;T3;MERMAID Reef Survey;;;;;;;;;;;;;;1782;1959;porB
MB28-T3-07.JPG;12/13/2022;1208;T3;MERMAID Reef Survey;;;;;;;;;;;;;;1836;2547;porB
MB28-T3-07.JPG;12/13/2022;1208;T3;MERMAID Reef Survey;;;;;;;;;;;;;;2212;1409;psa
MB28-T3-07.JPG;12/13/2022;1208;T3;MERMAID Reef Survey;;;;;;;;;;;;;;2571;2788;pse
MB28-T3-07.JPG;12/13/2022;1208;T3;MERMAID Reef Survey;;;;;;;;;;;;;;2387;3288;RCK
MB28-T3-07.JPG;12/13/2022;1208;T3;MERMAID Reef Survey;;;;;;;;;;;;;;2766;2939;RUB
MB28-T3-07.JPG;12/13/2022;1208;T3;MERMAID Reef Survey;;;;;;;;;;;;;;3475;129;SND
MB28-T3-07.JPG;12/13/2022;1208;T3;MERMAID Reef Survey;;;;;;;;;;;;;;2978;261;san
MB28-T3-07.JPG;12/13/2022;1208;T3;MERMAID Reef Survey;;;;;;;;;;;;;;2983;870;Sar
MB28-T3-07.JPG;12/13/2022;1208;T3;MERMAID Reef Survey;;;;;;;;;;;;;;3265;3375;sco
MB28-T3-08.JPG;12/13/2022;1208;T3;MERMAID Reef Survey;;;;;;;;;;;;;;328;1224;SGR
MB28-T3-08.JPG;12/13/2022;1208;T3;MERMAID Reef Survey;;;;;;;;;;;;;;105;1301;ser
MB28-T3-08.JPG;12/13/2022;1208;T3;MERMAID Reef Survey;;;;;;;;;;;;;;72;1813;sid
MB28-T3-08.JPG;12/13/2022;1208;T3;MERMAID Reef Survey;;;;;;;;;;;;;;528;2540;SIL
MB28-T3-08.JPG;12/13/2022;1208;T3;MERMAID Reef Survey;;;;;;;;;;;;;;274;2339;Sin
MB28-T3-08.JPG;12/13/2022;1208;T3;MERMAID Reef Survey;;;;;;;;;;;;;;1151;1554;SC
MB28-T3-08.JPG;12/13/2022;1208;T3;MERMAID Reef Survey;;;;;;;;;;;;;;775;2812;Spog
MB28-T3-08.JPG;12/13/2022;1208;T3;MERMAID Reef Survey;;;;;;;;;;;;;;740;2249;epo
MB28-T3-08.JPG;12/13/2022;1208;T3;MERMAID Reef Survey;;;;;;;;;;;;;;731;2906;porB
MB28-T3-08.JPG;12/13/2022;1208;T3;MERMAID Reef Survey;;;;;;;;;;;;;;770;2894;porB
MB28-T3-08.JPG;12/13/2022;1208;T3;MERMAID Reef Survey;;;;;;;;;;;;;;1357;3170;AMAC
MB28-T3-08.JPG;12/13/2022;1208;T3;MERMAID Reef Survey;;;;;;;;;;;;;;963;2986;ATRF
MB28-T3-08.JPG;12/13/2022;1208;T3;MERMAID Reef Survey;;;;;;;;;;;;;;1976;701;ATRF
MB28-T3-08.JPG;12/13/2022;1208;T3;MERMAID Reef Survey;;;;;;;;;;;;;;2007;2045;AMAC
MB28-T3-08.JPG;12/13/2022;1208;T3;MERMAID Reef Survey;;;;;;;;;;;;;;2768;1219;AMAC
MB28-T3-08.JPG;12/13/2022;1208;T3;MERMAID Reef Survey;;;;;;;;;;;;;;2393;1363;AMAC
MB28-T3-08.JPG;12/13/2022;1208;T3;MERMAID Reef Survey;;;;;;;;;;;;;;2635;1643;AMAC
MB28-T3-08.JPG;12/13/2022;1208;T3;MERMAID Reef Survey;;;;;;;;;;;;;;2511;2603;AMAC
MB28-T3-08.JPG;12/13/2022;1208;T3;MERMAID Reef Survey;;;;;;;;;;;;;;2789;3272;ACOR
MB28-T3-08.JPG;12/13/2022;1208;T3;MERMAID Reef Survey;;;;;;;;;;;;;;3410;1126;TWS
MB28-T3-08.JPG;12/13/2022;1208;T3;MERMAID Reef Survey;;;;;;;;;;;;;;2968;1417;AMAC
MB28-T3-08.JPG;12/13/2022;1208;T3;MERMAID Reef Survey;;;;;;;;;;;;;;3096;1588;AMAC
MB28-T3-08.JPG;12/13/2022;1208;T3;MERMAID Reef Survey;;;;;;;;;;;;;;3104;2350;AMAC
MB28-T3-08.JPG;12/13/2022;1208;T3;MERMAID Reef Survey;;;;;;;;;;;;;;3393;2236;AMAC
MB28-T3-08.JPG;12/13/2022;1208;T3;MERMAID Reef Survey;;;;;;;;;;;;;;3085;2249;AMAC
MB28-T3-09.JPG;12/13/2022;1208;T3;MERMAID Reef Survey;;;;;;;;;;;;;;697;137;porB
MB28-T3-09.JPG;12/13/2022;1208;T3;MERMAID Reef Survey;;;;;;;;;;;;;;41;562;porB
MB28-T3-09.JPG;12/13/2022;1208;T3;MERMAID Reef Survey;;;;;;;;;;;;;;15;2958;porB
MB28-T3-09.JPG;12/13/2022;1208;T3;MERMAID Reef Survey;;;;;;;;;;;;;;1315;857;porB
MB28-T3-09.JPG;12/13/2022;1208;T3;MERMAID Reef Survey;;;;;;;;;;;;;;1109;1062;AMAC
MB28-T3-09.JPG;12/13/2022;1208;T3;MERMAID Reef Survey;;;;;;;;;;;;;;932;1869;porB
MB28-T3-09.JPG;12/13/2022;1208;T3;MERMAID Reef Survey;;;;;;;;;;;;;;733;1591;porB
MB28-T3-09.JPG;12/13/2022;1208;T3;MERMAID Reef Survey;;;;;;;;;;;;;;1344;2423;porB
MB28-T3-09.JPG;12/13/2022;1208;T3;MERMAID Reef Survey;;;;;;;;;;;;;;1052;2934;porB
MB28-T3-09.JPG;12/13/2022;1208;T3;MERMAID Reef Survey;;;;;;;;;;;;;;1436;650;porB
MB28-T3-09.JPG;12/13/2022;1208;T3;MERMAID Reef Survey;;;;;;;;;;;;;;1573;1103;porB
MB28-T3-09.JPG;12/13/2022;1208;T3;MERMAID Reef Survey;;;;;;;;;;;;;;1514;1627;porB
MB28-T3-09.JPG;12/13/2022;1208;T3;MERMAID Reef Survey;;;;;;;;;;;;;;1922;2574;AMAC
MB28-T3-09.JPG;12/13/2022;1208;T3;MERMAID Reef Survey;;;;;;;;;;;;;;1745;3323;porM
MB28-T3-09.JPG;12/13/2022;1208;T3;MERMAID Reef Survey;;;;;;;;;;;;;;2583;387;porB
MB28-T3-09.JPG;12/13/2022;1208;T3;MERMAID Reef Survey;;;;;;;;;;;;;;2276;1351;porB
MB28-T3-09.JPG;12/13/2022;1208;T3;MERMAID Reef Survey;;;;;;;;;;;;;;2436;1478;porB
MB28-T3-09.JPG;12/13/2022;1208;T3;MERMAID Reef Survey;;;;;;;;;;;;;;2417;2815;porB
MB28-T3-09.JPG;12/13/2022;1208;T3;MERMAID Reef Survey;;;;;;;;;;;;;;2289;2259;TWS
MB28-T3-09.JPG;12/13/2022;1208;T3;MERMAID Reef Survey;;;;;;;;;;;;;;3303;138;porB
MB28-T3-09.JPG;12/13/2022;1208;T3;MERMAID Reef Survey;;;;;;;;;;;;;;3249;858;porB
MB28-T3-09.JPG;12/13/2022;1208;T3;MERMAID Reef Survey;;;;;;;;;;;;;;3453;1866;porB
MB28-T3-09.JPG;12/13/2022;1208;T3;MERMAID Reef Survey;;;;;;;;;;;;;;3361;1787;porB
MB28-T3-09.JPG;12/13/2022;1208;T3;MERMAID Reef Survey;;;;;;;;;;;;;;3524;1603;ste
MB28-T3-09.JPG;12/13/2022;1208;T3;MERMAID Reef Survey;;;;;;;;;;;;;;3443;2315;stc
MB28-T3-10.JPG;12/13/2022;1208;T3;MERMAID Reef Survey;;;;;;;;;;;;;;522;608;sty
MB28-T3-10.JPG;12/13/2022;1208;T3;MERMAID Reef Survey;;;;;;;;;;;;;;422;863;sym
MB28-T3-10.JPG;12/13/2022;1208;T3;MERMAID Reef Survey;;;;;;;;;;;;;;582;2456;TWS
MB28-T3-10.JPG;12/13/2022;1208;T3;MERMAID Reef Survey;;;;;;;;;;;;;;508;3191;tra
MB28-T3-10.JPG;12/13/2022;1208;T3;MERMAID Reef Survey;;;;;;;;;;;;;;776;441;tub
MB28-T3-10.JPG;12/13/2022;1208;T3;MERMAID Reef Survey;;;;;;;;;;;;;;1165;160;tup
MB28-T3-10.JPG;12/13/2022;1208;T3;MERMAID Reef Survey;;;;;;;;;;;;;;1362;1316;tur
MB28-T3-10.JPG;12/13/2022;1208;T3;MERMAID Reef Survey;;;;;;;;;;;;;;1506;363;ATRF
MB28-T3-10.JPG;12/13/2022;1208;T3;MERMAID Reef Survey;;;;;;;;;;;;;;2062;655;UNID
MB28-T3-10.JPG;12/13/2022;1208;T3;MERMAID Reef Survey;;;;;;;;;;;;;;1594;825;UNK
MB28-T3-10.JPG;12/13/2022;1208;T3;MERMAID Reef Survey;;;;;;;;;;;;;;2115;1693;xen
MB28-T3-10.JPG;12/13/2022;1208;T3;MERMAID Reef Survey;;;;;;;;;;;;;;1830;2091;Zooa
MB28-T3-10.JPG;12/13/2022;1208;T3;MERMAID Reef Survey;;;;;;;;;;;;;;1630;2481;porM
MB28-T3-10.JPG;12/13/2022;1208;T3;MERMAID Reef Survey;;;;;;;;;;;;;;2563;346;AMAC
MB28-T3-10.JPG;12/13/2022;1208;T3;MERMAID Reef Survey;;;;;;;;;;;;;;2827;1121;AMAC
MB28-T3-10.JPG;12/13/2022;1208;T3;MERMAID Reef Survey;;;;;;;;;;;;;;2711;2096;OBS
MB28-T3-10.JPG;12/13/2022;1208;T3;MERMAID Reef Survey;;;;;;;;;;;;;;2826;1997;AMAC
MB28-T3-10.JPG;12/13/2022;1208;T3;MERMAID Reef Survey;;;;;;;;;;;;;;2158;2814;porM
MB28-T3-10.JPG;12/13/2022;1208;T3;MERMAID Reef Survey;;;;;;;;;;;;;;2827;2800;porM
MB28-T3-10.JPG;12/13/2022;1208;T3;MERMAID Reef Survey;;;;;;;;;;;;;;3472;316;SGR
MB28-T3-10.JPG;12/13/2022;1208;T3;MERMAID Reef Survey;;;;;;;;;;;;;;3065;878;AMAC
MB28-T3-10.JPG;12/13/2022;1208;T3;MERMAID Reef Survey;;;;;;;;;;;;;;3519;1443;SGR
MB28-T3-10.JPG;12/13/2022;1208;T3;MERMAID Reef Survey;;;;;;;;;;;;;;3488;2093;SGR
MB28-T3-10.JPG;12/13/2022;1208;T3;MERMAID Reef Survey;;;;;;;;;;;;;;2887;2508;AMAC
MB28-T3-10.JPG;12/13/2022;1208;T3;MERMAID Reef Survey;;;;;;;;;;;;;;2934;3410;SGR
MB28-T3-11.JPG;12/13/2022;1208;T3;MERMAID Reef Survey;;;;;;;;;;;;;;360;631;SGR
MB28-T3-11.JPG;12/13/2022;1208;T3;MERMAID Reef Survey;;;;;;;;;;;;;;582;328;SGR
MB28-T3-11.JPG;12/13/2022;1208;T3;MERMAID Reef Survey;;;;;;;;;;;;;;316;1724;porB
MB28-T3-11.JPG;12/13/2022;1208;T3;MERMAID Reef Survey;;;;;;;;;;;;;;132;1465;AMAC
MB28-T3-11.JPG;12/13/2022;1208;T3;MERMAID Reef Survey;;;;;;;;;;;;;;227;2220;AMAC
MB28-T3-11.JPG;12/13/2022;1208;T3;MERMAID Reef Survey;;;;;;;;;;;;;;458;2797;porB
MB28-T3-11.JPG;12/13/2022;1208;T3;MERMAID Reef Survey;;;;;;;;;;;;;;62;3287;porM
MB28-T3-11.JPG;12/13/2022;1208;T3;MERMAID Reef Survey;;;;;;;;;;;;;;336;3532;porM
MB28-T3-11.JPG;12/13/2022;1208;T3;MERMAID Reef Survey;;;;;;;;;;;;;;741;75;SGR
MB28-T3-11.JPG;12/13/2022;1208;T3;MERMAID Reef Survey;;;;;;;;;;;;;;1275;96;SND
MB28-T3-11.JPG;12/13/2022;1208;T3;MERMAID Reef Survey;;;;;;;;;;;;;;1047;1273;porB
MB28-T3-11.JPG;12/13/2022;1208;T3;MERMAID Reef Survey;;;;;;;;;;;;;;790;863;SGR
MB28-T3-11.JPG;12/13/2022;1208;T3;MERMAID Reef Survey;;;;;;;;;;;;;;1796;2959;AMAC
MB28-T3-11.JPG;12/13/2022;1208;T3;MERMAID Reef Survey;;;;;;;;;;;;;;2612;300;SGR
MB28-T3-11.JPG;12/13/2022;1208;T3;MERMAID Reef Survey;;;;;;;;;;;;;;2288;86;SGR
MB28-T3-11.JPG;12/13/2022;1208;T3;MERMAID Reef Survey;;;;;;;;;;;;;;2569;2738;AMAC
MB28-T3-11.JPG;12/13/2022;1208;T3;MERMAID Reef Survey;;;;;;;;;;;;;;2607;3245;porM
MB28-T3-11.JPG;12/13/2022;1208;T3;MERMAID Reef Survey;;;;;;;;;;;;;;2409;3414;ATRF
MB28-T3-11.JPG;12/13/2022;1208;T3;MERMAID Reef Survey;;;;;;;;;;;;;;2444;2952;ATRF
MB28-T3-11.JPG;12/13/2022;1208;T3;MERMAID Reef Survey;;;;;;;;;;;;;;3514;493;SGR
MB28-T3-11.JPG;12/13/2022;1208;T3;MERMAID Reef Survey;;;;;;;;;;;;;;3308;301;SGR
MB28-T3-11.JPG;12/13/2022;1208;T3;MERMAID Reef Survey;;;;;;;;;;;;;;2959;355;SGR
MB28-T3-11.JPG;12/13/2022;1208;T3;MERMAID Reef Survey;;;;;;;;;;;;;;2965;1560;ATRF
MB28-T3-11.JPG;12/13/2022;1208;T3;MERMAID Reef Survey;;;;;;;;;;;;;;3295;3121;SGR
MB28-T3-11.JPG;12/13/2022;1208;T3;MERMAID Reef Survey;;;;;;;;;;;;;;3139;3065;SGR
MB28-T3-12.JPG;12/13/2022;1208;T3;MERMAID Reef Survey;;;;;;;;;;;;;;540;3237;ATRF
MB28-T3-12.JPG;12/13/2022;1208;T3;MERMAID Reef Survey;;;;;;;;;;;;;;1166;812;SND
MB28-T3-12.JPG;12/13/2022;1208;T3;MERMAID Reef Survey;;;;;;;;;;;;;;1151;1868;porM
MB28-T3-12.JPG;12/13/2022;1208;T3;MERMAID Reef Survey;;;;;;;;;;;;;;798;2121;SND
MB28-T3-12.JPG;12/13/2022;1208;T3;MERMAID Reef Survey;;;;;;;;;;;;;;858;1747;SND
MB28-T3-12.JPG;12/13/2022;1208;T3;MERMAID Reef Survey;;;;;;;;;;;;;;1248;1705;porM
MB28-T3-12.JPG;12/13/2022;1208;T3;MERMAID Reef Survey;;;;;;;;;;;;;;813;2236;SND
MB28-T3-12.JPG;12/13/2022;1208;T3;MERMAID Reef Survey;;;;;;;;;;;;;;823;2883;SGR
MB28-T3-12.JPG;12/13/2022;1208;T3;MERMAID Reef Survey;;;;;;;;;;;;;;1296;3029;SND
MB28-T3-12.JPG;12/13/2022;1208;T3;MERMAID Reef Survey;;;;;;;;;;;;;;964;3244;OT
MB28-T3-12.JPG;12/13/2022;1208;T3;MERMAID Reef Survey;;;;;;;;;;;;;;1885;427;SGR
MB28-T3-12.JPG;12/13/2022;1208;T3;MERMAID Reef Survey;;;;;;;;;;;;;;1785;663;SND
MB28-T3-12.JPG;12/13/2022;1208;T3;MERMAID Reef Survey;;;;;;;;;;;;;;1657;191;SND
MB28-T3-12.JPG;12/13/2022;1208;T3;MERMAID Reef Survey;;;;;;;;;;;;;;1933;2074;SGR
MB28-T3-12.JPG;12/13/2022;1208;T3;MERMAID Reef Survey;;;;;;;;;;;;;;1644;3367;SND
MB28-T3-12.JPG;12/13/2022;1208;T3;MERMAID Reef Survey;;;;;;;;;;;;;;1863;3000;SND
MB28-T3-12.JPG;12/13/2022;1208;T3;MERMAID Reef Survey;;;;;;;;;;;;;;2778;337;SGR
MB28-T3-12.JPG;12/13/2022;1208;T3;MERMAID Reef Survey;;;;;;;;;;;;;;2618;960;ste
MB28-T3-12.JPG;12/13/2022;1208;T3;MERMAID Reef Survey;;;;;;;;;;;;;;2802;1053;stc
MB28-T3-12.JPG;12/13/2022;1208;T3;MERMAID Reef Survey;;;;;;;;;;;;;;2142;1906;sty
MB28-T3-12.JPG;12/13/2022;1208;T3;MERMAID Reef Survey;;;;;;;;;;;;;;2955;814;sym
MB28-T3-12.JPG;12/13/2022;1208;T3;MERMAID Reef Survey;;;;;;;;;;;;;;2968;1379;TWS
MB28-T3-12.JPG;12/13/2022;1208;T3;MERMAID Reef Survey;;;;;;;;;;;;;;3427;2077;tra
MB28-T3-12.JPG;12/13/2022;1208;T3;MERMAID Reef Survey;;;;;;;;;;;;;;3058;2711;tub
MB28-T3-12.JPG;12/13/2022;1208;T3;MERMAID Reef Survey;;;;;;;;;;;;;;3006;3437;tup
MB28-T3-13.JPG;12/13/2022;1208;T3;MERMAID Reef Survey;;;;;;;;;;;;;;674;2016;tur
MB28-T3-13.JPG;12/13/2022;1208;T3;MERMAID Reef Survey;;;;;;;;;;;;;;180;1649;ATRF
MB28-T3-13.JPG;12/13/2022;1208;T3;MERMAID Reef Survey;;;;;;;;;;;;;;188;2542;UNID
MB28-T3-13.JPG;12/13/2022;1208;T3;MERMAID Reef Survey;;;;;;;;;;;;;;1286;1919;UNK
MB28-T3-13.JPG;12/13/2022;1208;T3;MERMAID Reef Survey;;;;;;;;;;;;;;1407;2431;xen
MB28-T3-13.JPG;12/13/2022;1208;T3;MERMAID Reef Survey;;;;;;;;;;;;;;996;2137;Zooa
MB28-T3-13.JPG;12/13/2022;1208;T3;MERMAID Reef Survey;;;;;;;;;;;;;;1877;1039;porM
MB28-T3-13.JPG;12/13/2022;1208;T3;MERMAID Reef Survey;;;;;;;;;;;;;;1537;1726;AMAC
MB28-T3-13.JPG;12/13/2022;1208;T3;MERMAID Reef Survey;;;;;;;;;;;;;;1590;2274;Cmorph
MB28-T3-13.JPG;12/13/2022;1208;T3;MERMAID Reef Survey;;;;;;;;;;;;;;1644;3178;AMAC
MB28-T3-13.JPG;12/13/2022;1208;T3;MERMAID Reef Survey;;;;;;;;;;;;;;2471;65;Cmorph
MB28-T3-13.JPG;12/13/2022;1208;T3;MERMAID Reef Survey;;;;;;;;;;;;;;2390;49;Cmorph
MB28-T3-13.JPG;12/13/2022;1208;T3;MERMAID Reef Survey;;;;;;;;;;;;;;2668;1209;porM
MB28-T3-13.JPG;12/13/2022;1208;T3;MERMAID Reef Survey;;;;;;;;;;;;;;2180;1618;porB
MB28-T3-13.JPG;12/13/2022;1208;T3;MERMAID Reef Survey;;;;;;;;;;;;;;2602;1429;porB
MB28-T3-13.JPG;12/13/2022;1208;T3;MERMAID Reef Survey;;;;;;;;;;;;;;2385;1546;porB
MB28-T3-13.JPG;12/13/2022;1208;T3;MERMAID Reef Survey;;;;;;;;;;;;;;2415;1502;porB
MB28-T3-13.JPG;12/13/2022;1208;T3;MERMAID Reef Survey;;;;;;;;;;;;;;2780;2160;porB
MB28-T3-13.JPG;12/13/2022;1208;T3;MERMAID Reef Survey;;;;;;;;;;;;;;2711;2354;Cmorph
MB28-T3-13.JPG;12/13/2022;1208;T3;MERMAID Reef Survey;;;;;;;;;;;;;;3382;207;Cmorph
MB28-T3-13.JPG;12/13/2022;1208;T3;MERMAID Reef Survey;;;;;;;;;;;;;;3253;618;porM
MB28-T3-13.JPG;12/13/2022;1208;T3;MERMAID Reef Survey;;;;;;;;;;;;;;3479;137;AMAC
MB28-T3-13.JPG;12/13/2022;1208;T3;MERMAID Reef Survey;;;;;;;;;;;;;;3476;1988;porM
MB28-T3-13.JPG;12/13/2022;1208;T3;MERMAID Reef Survey;;;;;;;;;;;;;;3061;2511;ACOR
MB28-T3-13.JPG;12/13/2022;1208;T3;MERMAID Reef Survey;;;;;;;;;;;;;;3441;2144;AHAL
MB28-T3-14.JPG;12/13/2022;1208;T3;MERMAID Reef Survey;;;;;;;;;;;;;;624;423;porB
MB28-T3-14.JPG;12/13/2022;1208;T3;MERMAID Reef Survey;;;;;;;;;;;;;;295;601;porM
MB28-T3-14.JPG;12/13/2022;1208;T3;MERMAID Reef Survey;;;;;;;;;;;;;;76;794;AMAC
MB28-T3-14.JPG;12/13/2022;1208;T3;MERMAID Reef Survey;;;;;;;;;;;;;;136;2630;Cmorph
MB28-T3-14.JPG;12/13/2022;1208;T3;MERMAID Reef Survey;;;;;;;;;;;;;;160;2205;ATRF
MB28-T3-14.JPG;12/13/2022;1208;T3;MERMAID Reef Survey;;;;;;;;;;;;;;948;486;porM
MB28-T3-14.JPG;12/13/2022;1208;T3;MERMAID Reef Survey;;;;;;;;;;;;;;1256;721;porB
MB28-T3-14.JPG;12/13/2022;1208;T3;MERMAID Reef Survey;;;;;;;;;;;;;;1208;1022;porB
MB28-T3-14.JPG;12/13/2022;1208;T3;MERMAID Reef Survey;;;;;;;;;;;;;;1258;1225;porB
MB28-T3-14.JPG;12/13/2022;1208;T3;MERMAID Reef Survey;;;;;;;;;;;;;;862;777;porB
MB28-T3-14.JPG;12/13/2022;1208;T3;MERMAID Reef Survey;;;;;;;;;;;;;;728;2356;Cmorph
MB28-T3-14.JPG;12/13/2022;1208;T3;MERMAID Reef Survey;;;;;;;;;;;;;;920;2914;porM
MB28-T3-14.JPG;12/13/2022;1208;T3;MERMAID Reef Survey;;;;;;;;;;;;;;880;3150;porM
MB28-T3-14.JPG;12/13/2022;1208;T3;MERMAID Reef Survey;;;;;;;;;;;;;;1326;2944;porM
MB28-T3-14.JPG;12/13/2022;1208;T3;MERMAID Reef Survey;;;;;;;;;;;;;;1960;679;porB
MB28-T3-14.JPG;12/13/2022;1208;T3;MERMAID Reef Survey;;;;;;;;;;;;;;1448;695;porB
MB28-T3-14.JPG;12/13/2022;1208;T3;MERMAID Reef Survey;;;;;;;;;;;;;;2093;443;porB
MB28-T3-14.JPG;12/13/2022;1208;T3;MERMAID Reef Survey;;;;;;;;;;;;;;1866;2947;Cmorph
MB28-T3-14.JPG;12/13/2022;1208;T3;MERMAID Reef Survey;;;;;;;;;;;;;;2808;1472;AMAC
MB28-T3-14.JPG;12/13/2022;1208;T3;MERMAID Reef Survey;;;;;;;;;;;;;;2746;2692;ATRF
MB28-T3-14.JPG;12/13/2022;1208;T3;MERMAID Reef Survey;;;;;;;;;;;;;;2830;2235;porB
MB28-T3-14.JPG;12/13/2022;1208;T3;MERMAID Reef Survey;;;;;;;;;;;;;;2195;2956;Cmorph
MB28-T3-14.JPG;12/13/2022;1208;T3;MERMAID Reef Survey;;;;;;;;;;;;;;2866;1366;AMAC
MB28-T3-14.JPG;12/13/2022;1208;T3;MERMAID Reef Survey;;;;;;;;;;;;;;3339;1801;porB
MB28-T3-14.JPG;12/13/2022;1208;T3;MERMAID Reef Survey;;;;;;;;;;;;;;3274;2491;porM
MB28-T3-15.JPG;12/13/2022;1208;T3;MERMAID Reef Survey;;;;;;;;;;;;;;27;263;Anem
MB28-T3-15.JPG;12/13/2022;1208;T3;MERMAID Reef Survey;;;;;;;;;;;;;;604;1781;pav
MB28-T3-15.JPG;12/13/2022;1208;T3;MERMAID Reef Survey;;;;;;;;;;;;;;275;1981;OBS
MB28-T3-15.JPG;12/13/2022;1208;T3;MERMAID Reef Survey;;;;;;;;;;;;;;632;2301;ATRF
MB28-T3-15.JPG;12/13/2022;1208;T3;MERMAID Reef Survey;;;;;;;;;;;;;;375;2947;AMAC
MB28-T3-15.JPG;12/13/2022;1208;T3;MERMAID Reef Survey;;;;;;;;;;;;;;399;3479;porM
MB28-T3-15.JPG;12/13/2022;1208;T3;MERMAID Reef Survey;;;;;;;;;;;;;;299;3478;porM
MB28-T3-15.JPG;12/13/2022;1208;T3;MERMAID Reef Survey;;;;;;;;;;;;;;1252;1148;ATRF
MB28-T3-15.JPG;12/13/2022;1208;T3;MERMAID Reef Survey;;;;;;;;;;;;;;767;2289;ATRF
MB28-T3-15.JPG;12/13/2022;1208;T3;MERMAID Reef Survey;;;;;;;;;;;;;;1212;3188;ste
MB28-T3-15.JPG;12/13/2022;1208;T3;MERMAID Reef Survey;;;;;;;;;;;;;;1498;2010;stc
MB28-T3-15.JPG;12/13/2022;1208;T3;MERMAID Reef Survey;;;;;;;;;;;;;;1924;2115;sty
MB28-T3-15.JPG;12/13/2022;1208;T3;MERMAID Reef Survey;;;;;;;;;;;;;;2013;2366;sym
MB28-T3-15.JPG;12/13/2022;1208;T3;MERMAID Reef Survey;;;;;;;;;;;;;;1709;3064;TWS
MB28-T3-15.JPG;12/13/2022;1208;T3;MERMAID Reef Survey;;;;;;;;;;;;;;1654;3026;tra
MB28-T3-15.JPG;12/13/2022;1208;T3;MERMAID Reef Survey;;;;;;;;;;;;;;2321;540;tub
MB28-T3-15.JPG;12/13/2022;1208;T3;MERMAID Reef Survey;;;;;;;;;;;;;;2278;1054;tup
MB28-T3-15.JPG;12/13/2022;1208;T3;MERMAID Reef Survey;;;;;;;;;;;;;;2702;1339;tur
MB28-T3-15.JPG;12/13/2022;1208;T3;MERMAID Reef Survey;;;;;;;;;;;;;;2511;819;ATRF
MB28-T3-15.JPG;12/13/2022;1208;T3;MERMAID Reef Survey;;;;;;;;;;;;;;2461;786;UNID
MB28-T3-15.JPG;12/13/2022;1208;T3;MERMAID Reef Survey;;;;;;;;;;;;;;2672;1859;UNK
MB28-T3-15.JPG;12/13/2022;1208;T3;MERMAID Reef Survey;;;;;;;;;;;;;;2669;1862;xen
MB28-T3-15.JPG;12/13/2022;1208;T3;MERMAID Reef Survey;;;;;;;;;;;;;;2342;1566;Zooa
MB28-T3-15.JPG;12/13/2022;1208;T3;MERMAID Reef Survey;;;;;;;;;;;;;;2341;2344;AMAC
MB28-T3-15.JPG;12/13/2022;1208;T3;MERMAID Reef Survey;;;;;;;;;;;;;;2973;815;AMAC
MB28-T3-16.JPG;12/13/2022;1208;T3;MERMAID Reef Survey;;;;;;;;;;;;;;660;2121;SGR
MB28-T3-16.JPG;12/13/2022;1208;T3;MERMAID Reef Survey;;;;;;;;;;;;;;256;1421;SGR
MB28-T3-16.JPG;12/13/2022;1208;T3;MERMAID Reef Survey;;;;;;;;;;;;;;489;1666;SGR
MB28-T3-16.JPG;12/13/2022;1208;T3;MERMAID Reef Survey;;;;;;;;;;;;;;687;2182;SGR
MB28-T3-16.JPG;12/13/2022;1208;T3;MERMAID Reef Survey;;;;;;;;;;;;;;657;2614;SGR
MB28-T3-16.JPG;12/13/2022;1208;T3;MERMAID Reef Survey;;;;;;;;;;;;;;785;700;SGR
MB28-T3-16.JPG;12/13/2022;1208;T3;MERMAID Reef Survey;;;;;;;;;;;;;;744;1831;SGR
MB28-T3-16.JPG;12/13/2022;1208;T3;MERMAID Reef Survey;;;;;;;;;;;;;;1336;2470;SGR
MB28-T3-16.JPG;12/13/2022;1208;T3;MERMAID Reef Survey;;;;;;;;;;;;;;714;2824;SGR
MB28-T3-16.JPG;12/13/2022;1208;T3;MERMAID Reef Survey;;;;;;;;;;;;;;1901;215;SGR
MB28-T3-16.JPG;12/13/2022;1208;T3;MERMAID Reef Survey;;;;;;;;;;;;;;1622;1073;SGR
MB28-T3-16.JPG;12/13/2022;1208;T3;MERMAID Reef Survey;;;;;;;;;;;;;;1585;1600;SGR
MB28-T3-16.JPG;12/13/2022;1208;T3;MERMAID Reef Survey;;;;;;;;;;;;;;1727;2670;SND
MB28-T3-16.JPG;12/13/2022;1208;T3;MERMAID Reef Survey;;;;;;;;;;;;;;1617;2660;SGR
MB28-T3-16.JPG;12/13/2022;1208;T3;MERMAID Reef Survey;;;;;;;;;;;;;;1864;2496;SND
MB28-T3-16.JPG;12/13/2022;1208;T3;MERMAID Reef Survey;;;;;;;;;;;;;;2547;372;SGR
MB28-T3-16.JPG;12/13/2022;1208;T3;MERMAID Reef Survey;;;;;;;;;;;;;;2809;1805;SGR
MB28-T3-16.JPG;12/13/2022;1208;T3;MERMAID Reef Survey;;;;;;;;;;;;;;2133;2758;SGR
MB28-T3-16.JPG;12/13/2022;1208;T3;MERMAID Reef Survey;;;;;;;;;;;;;;3512;1038;SGR
MB28-T3-16.JPG;12/13/2022;1208;T3;MERMAID Reef Survey;;;;;;;;;;;;;;3217;1921;SGR
MB28-T3-16.JPG;12/13/2022;1208;T3;MERMAID Reef Survey;;;;;;;;;;;;;;3144;1832;TWS
MB28-T3-16.JPG;12/13/2022;1208;T3;MERMAID Reef Survey;;;;;;;;;;;;;;3216;1680;SGR
MB28-T3-16.JPG;12/13/2022;1208;T3;MERMAID Reef Survey;;;;;;;;;;;;;;2864;2672;SGR
MB28-T3-16.JPG;12/13/2022;1208;T3;MERMAID Reef Survey;;;;;;;;;;;;;;2902;2471;SGR
MB28-T3-16.JPG;12/13/2022;1208;T3;MERMAID Reef Survey;;;;;;;;;;;;;;2881;3045;SGR
MB28-T3-17.JPG;12/13/2022;1208;T3;MERMAID Reef Survey;;;;;;;;;;;;;;704;1154;SGR
MB28-T3-17.JPG;12/13/2022;1208;T3;MERMAID Reef Survey;;;;;;;;;;;;;;580;1005;SGR
MB28-T3-17.JPG;12/13/2022;1208;T3;MERMAID Reef Survey;;;;;;;;;;;;;;325;1845;SGR
MB28-T3-17.JPG;12/13/2022;1208;T3;MERMAID Reef Survey;;;;;;;;;;;;;;707;3015;acr
MB28-T3-17.JPG;12/13/2022;1208;T3;MERMAID Reef Survey;;;;;;;;;;;;;;962;437;SGR
MB28-T3-17.JPG;12/13/2022;1208;T3;MERMAID Reef Survey;;;;;;;;;;;;;;887;869;SGR
MB28-T3-17.JPG;12/13/2022;1208;T3;MERMAID Reef Survey;;;;;;;;;;;;;;1030;2482;SGR
MB28-T3-17.JPG;12/13/2022;1208;T3;MERMAID Reef Survey;;;;;;;;;;;;;;1057;2917;SGR
MB28-T3-17.JPG;12/13/2022;1208;T3;MERMAID Reef Survey;;;;;;;;;;;;;;1654;441;SGR
MB28-T3-17.JPG;12/13/2022;1208;T3;MERMAID Reef Survey;;;;;;;;;;;;;;1541;894;SGR
MB28-T3-17.JPG;12/13/2022;1208;T3;MERMAID Reef Survey;;;;;;;;;;;;;;2097;1538;SGR
MB28-T3-17.JPG;12/13/2022;1208;T3;MERMAID Reef Survey;;;;;;;;;;;;;;1491;2490;SGR
MB28-T3-17.JPG;12/13/2022;1208;T3;MERMAID Reef Survey;;;;;;;;;;;;;;2110;3235;SGR
MB28-T3-17.JPG;12/13/2022;1208;T3;MERMAID Reef Survey;;;;;;;;;;;;;;2691;12;porB
MB28-T3-17.JPG;12/13/2022;1208;T3;MERMAID Reef Survey;;;;;;;;;;;;;;2784;140;porB
MB28-T3-17.JPG;12/13/2022;1208;T3;MERMAID Reef Survey;;;;;;;;;;;;;;2770;954;aca
MB28-T3-17.JPG;12/13/2022;1208;T3;MERMAID Reef Survey;;;;;;;;;;;;;;2363;1415;acr
MB28-T3-17.JPG;12/13/2022;1208;T3;MERMAID Reef Survey;;;;;;;;;;;;;;2691;2008;aga
MB28-T3-17.JPG;12/13/2022;1208;T3;MERMAID Reef Survey;;;;;;;;;;;;;;2480;3060;alv
MB28-T3-17.JPG;12/13/2022;1208;T3;MERMAID Reef Survey;;;;;;;;;;;;;;2246;3291;Anem
MB28-T3-17.JPG;12/13/2022;1208;T3;MERMAID Reef Survey;;;;;;;;;;;;;;2856;2;ano
MB28-T3-17.JPG;12/13/2022;1208;T3;MERMAID Reef Survey;;;;;;;;;;;;;;3514;621;Ascd
MB28-T3-17.JPG;12/13/2022;1208;T3;MERMAID Reef Survey;;;;;;;;;;;;;;3536;1007;ast
MB28-T3-17.JPG;12/13/2022;1208;T3;MERMAID Reef Survey;;;;;;;;;;;;;;3397;1158;BS
MB28-T3-17.JPG;12/13/2022;1208;T3;MERMAID Reef Survey;;;;;;;;;;;;;;3535;1355;bla
MB28-T3-18.JPG;12/13/2022;1208;T3;MERMAID Reef Survey;;;;;;;;;;;;;;5;282;cau
MB28-T3-18.JPG;12/13/2022;1208;T3;MERMAID Reef Survey;;;;;;;;;;;;;;88;581;cla
MB28-T3-18.JPG;12/13/2022;1208;T3;MERMAID Reef Survey;;;;;;;;;;;;;;16;2050;coe
MB28-T3-18.JPG;12/13/2022;1208;T3;MERMAID Reef Survey;;;;;;;;;;;;;;187;1526;Cmorph
MB28-T3-18.JPG;12/13/2022;1208;T3;MERMAID Reef Survey;;;;;;;;;;;;;;148;2648;cos
MB28-T3-18.JPG;12/13/2022;1208;T3;MERMAID Reef Survey;;;;;;;;;;;;;;324;2438;ACOR
MB28-T3-18.JPG;12/13/2022;1208;T3;MERMAID Reef Survey;;;;;;;;;;;;;;1064;20;SGR
MB28-T3-18.JPG;12/13/2022;1208;T3;MERMAID Reef Survey;;;;;;;;;;;;;;1235;1000;AMAC
MB28-T3-18.JPG;12/13/2022;1208;T3;MERMAID Reef Survey;;;;;;;;;;;;;;1101;1711;AMAC
MB28-T3-18.JPG;12/13/2022;1208;T3;MERMAID Reef Survey;;;;;;;;;;;;;;1077;2779;mtp
MB28-T3-18.JPG;12/13/2022;1208;T3;MERMAID Reef Survey;;;;;;;;;;;;;;796;3422;AHAL
MB28-T3-18.JPG;12/13/2022;1208;T3;MERMAID Reef Survey;;;;;;;;;;;;;;1526;1350;AMAC
MB28-T3-18.JPG;12/13/2022;1208;T3;MERMAID Reef Survey;;;;;;;;;;;;;;1606;1730;OBS
MB28-T3-18.JPG;12/13/2022;1208;T3;MERMAID Reef Survey;;;;;;;;;;;;;;1437;2772;mtp
MB28-T3-18.JPG;12/13/2022;1208;T3;MERMAID Reef Survey;;;;;;;;;;;;;;2432;33;porM
MB28-T3-18.JPG;12/13/2022;1208;T3;MERMAID Reef Survey;;;;;;;;;;;;;;2300;2018;mtp
MB28-T3-18.JPG;12/13/2022;1208;T3;MERMAID Reef Survey;;;;;;;;;;;;;;2456;1572;mtp
MB28-T3-18.JPG;12/13/2022;1208;T3;MERMAID Reef Survey;;;;;;;;;;;;;;2371;2471;mtp
MB28-T3-18.JPG;12/13/2022;1208;T3;MERMAID Reef Survey;;;;;;;;;;;;;;2567;2690;mtp
MB28-T3-18.JPG;12/13/2022;1208;T3;MERMAID Reef Survey;;;;;;;;;;;;;;2399;3384;mtp
MB28-T3-18.JPG;12/13/2022;1208;T3;MERMAID Reef Survey;;;;;;;;;;;;;;3478;247;Ascd
MB28-T3-18.JPG;12/13/2022;1208;T3;MERMAID Reef Survey;;;;;;;;;;;;;;3115;1256;porB
MB28-T3-18.JPG;12/13/2022;1208;T3;MERMAID Reef Survey;;;;;;;;;;;;;;3043;3265;mtp
MB28-T3-18.JPG;12/13/2022;1208;T3;MERMAID Reef Survey;;;;;;;;;;;;;;3191;3069;mtp
MB28-T3-18.JPG;12/13/2022;1208;T3;MERMAID Reef Survey;;;;;;;;;;;;;;3425;3316;mtp
MB28-T3-19.JPG;12/13/2022;1208;T3;MERMAID Reef Survey;;;;;;;;;;;;;;586;1089;porM
MB28-T3-19.JPG;12/13/2022;1208;T3;MERMAID Reef Survey;;;;;;;;;;;;;;186;2131;porM
MB28-T3-19.JPG;12/13/2022;1208;T3;MERMAID Reef Survey;;;;;;;;;;;;;;255;1927;AMAC
MB28-T3-19.JPG;12/13/2022;1208;T3;MERMAID Reef Survey;;;;;;;;;;;;;;549;2813;porM
MB28-T3-19.JPG;12/13/2022;1208;T3;MERMAID Reef Survey;;;;;;;;;;;;;;456;3081;porM
MB28-T3-19.JPG;12/13/2022;1208;T3;MERMAID Reef Survey;;;;;;;;;;;;;;1143;675;porB
MB28-T3-19.JPG;12/13/2022;1208;T3;MERMAID Reef Survey;;;;;;;;;;;;;;1069;982;porB
MB28-T3-19.JPG;12/13/2022;1208;T3;MERMAID Reef Survey;;;;;;;;;;;;;;1348;1583;porB
MB28-T3-19.JPG;12/13/2022;1208;T3;MERMAID Reef Survey;;;;;;;;;;;;;;803;2386;porB
MB28-T3-19.JPG;12/13/2022;1208;T3;MERMAID Reef Survey;;;;;;;;;;;;;;1276;2578;porB
MB28-T3-19.JPG;12/13/2022;1208;T3;MERMAID Reef Survey;;;;;;;;;;;;;;1306;2886;porB
MB28-T3-19.JPG;12/13/2022;1208;T3;MERMAID Reef Survey;;;;;;;;;;;;;;887;3361;porM
MB28-T3-19.JPG;12/13/2022;1208;T3;MERMAID Reef Survey;;;;;;;;;;;;;;2071;882;porB
MB28-T3-19.JPG;12/13/2022;1208;T3;MERMAID Reef Survey;;;;;;;;;;;;;;1793;1225;porB
MB28-T3-19.JPG;12/13/2022;1208;T3;MERMAID Reef Survey;;;;;;;;;;;;;;1520;2711;porB
MB28-T3-19.JPG;12/13/2022;1208;T3;MERMAID Reef Survey;;;;;;;;;;;;;;1835;3023;porM
MB28-T3-19.JPG;12/13/2022;1208;T3;MERMAID Reef Survey;;;;;;;;;;;;;;2725;474;porM
MB28-T3-19.JPG;12/13/2022;1208;T3;MERMAID Reef Survey;;;;;;;;;;;;;;2583;677;porM
MB28-T3-19.JPG;12/13/2022;1208;T3;MERMAID Reef Survey;;;;;;;;;;;;;;2252;865;porB
MB28-T3-19.JPG;12/13/2022;1208;T3;MERMAID Reef Survey;;;;;;;;;;;;;;2233;3434;porM
MB28-T3-19.JPG;12/13/2022;1208;T3;MERMAID Reef Survey;;;;;;;;;;;;;;2258;3296;aca
MB28-T3-19.JPG;12/13/2022;1208;T3;MERMAID Reef Survey;;;;;;;;;;;;;;3440;689;acr
MB28-T3-19.JPG;12/13/2022;1208;T3;MERMAID Reef Survey;;;;;;;;;;;;;;3226;2102;aga
MB28-T3-19.JPG;12/13/2022;1208;T3;MERMAID Reef Survey;;;;;;;;;;;;;;3160;3119;alv
MB28-T3-19.JPG;12/13/2022;1208;T3;MERMAID Reef Survey;;;;;;;;;;;;;;3089;3533;Anem
MB28-T3-20.JPG;12/13/2022;1208;T3;MERMAID Reef Survey;;;;;;;;;;;;;;595;3127;ano
MB28-T3-20.JPG;12/13/2022;1208;T3;MERMAID Reef Survey;;;;;;;;;;;;;;1206;172;Ascd
MB28-T3-20.JPG;12/13/2022;1208;T3;MERMAID Reef Survey;;;;;;;;;;;;;;959;873;ast
MB28-T3-20.JPG;12/13/2022;1208;T3;MERMAID Reef Survey;;;;;;;;;;;;;;1352;1310;BS
MB28-T3-20.JPG;12/13/2022;1208;T3;MERMAID Reef Survey;;;;;;;;;;;;;;755;953;bla
MB28-T3-20.JPG;12/13/2022;1208;T3;MERMAID Reef Survey;;;;;;;;;;;;;;1318;1209;cau
MB28-T3-20.JPG;12/13/2022;1208;T3;MERMAID Reef Survey;;;;;;;;;;;;;;1384;2369;cla
MB28-T3-20.JPG;12/13/2022;1208;T3;MERMAID Reef Survey;;;;;;;;;;;;;;713;2384;coe
MB28-T3-20.JPG;12/13/2022;1208;T3;MERMAID Reef Survey;;;;;;;;;;;;;;1343;2360;Cmorph
MB28-T3-20.JPG;12/13/2022;1208;T3;MERMAID Reef Survey;;;;;;;;;;;;;;1382;3547;cos
MB28-T3-20.JPG;12/13/2022;1208;T3;MERMAID Reef Survey;;;;;;;;;;;;;;1331;3202;ACOR
MB28-T3-20.JPG;12/13/2022;1208;T3;MERMAID Reef Survey;;;;;;;;;;;;;;1420;3315;porM
MB28-T3-20.JPG;12/13/2022;1208;T3;MERMAID Reef Survey;;;;;;;;;;;;;;1926;407;AMAC
MB28-T3-20.JPG;12/13/2022;1208;T3;MERMAID Reef Survey;;;;;;;;;;;;;;1654;526;porM
MB28-T3-20.JPG;12/13/2022;1208;T3;MERMAID Reef Survey;;;;;;;;;;;;;;2047;1388;AMAC
MB28-T3-20.JPG;12/13/2022;1208;T3;MERMAID Reef Survey;;;;;;;;;;;;;;2204;400;SGR
MB28-T3-20.JPG;12/13/2022;1208;T3;MERMAID Reef Survey;;;;;;;;;;;;;;2416;232;SGR
MB28-T3-20.JPG;12/13/2022;1208;T3;MERMAID Reef Survey;;;;;;;;;;;;;;2532;1616;porM
MB28-T3-20.JPG;12/13/2022;1208;T3;MERMAID Reef Survey;;;;;;;;;;;;;;2470;1590;porM
MB28-T3-20.JPG;12/13/2022;1208;T3;MERMAID Reef Survey;;;;;;;;;;;;;;2718;2795;cte
MB28-T3-20.JPG;12/13/2022;1208;T3;MERMAID Reef Survey;;;;;;;;;;;;;;2716;2213;cyn
MB28-T3-20.JPG;12/13/2022;1208;T3;MERMAID Reef Survey;;;;;;;;;;;;;;3432;952;cyp
MB28-T3-20.JPG;12/13/2022;1208;T3;MERMAID Reef Survey;;;;;;;;;;;;;;3465;2130;DC
MB28-T3-20.JPG;12/13/2022;1208;T3;MERMAID Reef Survey;;;;;;;;;;;;;;3215;2411;RDC
MB28-T3-20.JPG;12/13/2022;1208;T3;MERMAID Reef Survey;;;;;;;;;;;;;;3462;3520;den
MB28-T3-21.JPG;12/13/2022;1208;T3;MERMAID Reef Survey;;;;;;;;;;;;;;112;383;dia
MB28-T3-21.JPG;12/13/2022;1208;T3;MERMAID Reef Survey;;;;;;;;;;;;;;2;1274;dip
MB28-T3-21.JPG;12/13/2022;1208;T3;MERMAID Reef Survey;;;;;;;;;;;;;;52;1714;dps
MB28-T3-21.JPG;12/13/2022;1208;T3;MERMAID Reef Survey;;;;;;;;;;;;;;443;2098;eph
MB28-T3-21.JPG;12/13/2022;1208;T3;MERMAID Reef Survey;;;;;;;;;;;;;;362;2457;epo
MB28-T3-21.JPG;12/13/2022;1208;T3;MERMAID Reef Survey;;;;;;;;;;;;;;776;465;eup
MB28-T3-21.JPG;12/13/2022;1208;T3;MERMAID Reef Survey;;;;;;;;;;;;;;1374;250;fav
MB28-T3-21.JPG;12/13/2022;1208;T3;MERMAID Reef Survey;;;;;;;;;;;;;;986;145;fts
MB28-T3-21.JPG;12/13/2022;1208;T3;MERMAID Reef Survey;;;;;;;;;;;;;;846;1633;fun
MB28-T3-21.JPG;12/13/2022;1208;T3;MERMAID Reef Survey;;;;;;;;;;;;;;1786;277;gal
MB28-T3-21.JPG;12/13/2022;1208;T3;MERMAID Reef Survey;;;;;;;;;;;;;;1847;1161;gar
MB28-T3-21.JPG;12/13/2022;1208;T3;MERMAID Reef Survey;;;;;;;;;;;;;;1836;1610;AMAC
MB28-T3-21.JPG;12/13/2022;1208;T3;MERMAID Reef Survey;;;;;;;;;;;;;;2548;641;SGR
MB28-T3-21.JPG;12/13/2022;1208;T3;MERMAID Reef Survey;;;;;;;;;;;;;;2568;558;SGR
MB28-T3-21.JPG;12/13/2022;1208;T3;MERMAID Reef Survey;;;;;;;;;;;;;;2424;1178;SGR
MB28-T3-21.JPG;12/13/2022;1208;T3;MERMAID Reef Survey;;;;;;;;;;;;;;2558;1899;SGR
MB28-T3-21.JPG;12/13/2022;1208;T3;MERMAID Reef Survey;;;;;;;;;;;;;;2640;1978;SND
MB28-T3-21.JPG;12/13/2022;1208;T3;MERMAID Reef Survey;;;;;;;;;;;;;;2501;2957;SGR
MB28-T3-21.JPG;12/13/2022;1208;T3;MERMAID Reef Survey;;;;;;;;;;;;;;2698;3195;SGR
MB28-T3-21.JPG;12/13/2022;1208;T3;MERMAID Reef Survey;;;;;;;;;;;;;;2753;3346;SGR
MB28-T3-21.JPG;12/13/2022;1208;T3;MERMAID Reef Survey;;;;;;;;;;;;;;2806;3371;SGR
MB28-T3-21.JPG;12/13/2022;1208;T3;MERMAID Reef Survey;;;;;;;;;;;;;;2896;1805;SND
MB28-T3-21.JPG;12/13/2022;1208;T3;MERMAID Reef Survey;;;;;;;;;;;;;;3447;1907;SGR
MB28-T3-21.JPG;12/13/2022;1208;T3;MERMAID Reef Survey;;;;;;;;;;;;;;3427;3300;SND
MB28-T3-21.JPG;12/13/2022;1208;T3;MERMAID Reef Survey;;;;;;;;;;;;;;3183;3283;SGR
MB28-T3-22.JPG;12/13/2022;1208;T3;MERMAID Reef Survey;;;;;;;;;;;;;;198;285;SGR
MB28-T3-22.JPG;12/13/2022;1208;T3;MERMAID Reef Survey;;;;;;;;;;;;;;994;1027;SGR
MB28-T3-22.JPG;12/13/2022;1208;T3;MERMAID Reef Survey;;;;;;;;;;;;;;1341;1118;SGR
MB28-T3-22.JPG;12/13/2022;1208;T3;MERMAID Reef Survey;;;;;;;;;;;;;;907;773;SGR
MB28-T3-22.JPG;12/13/2022;1208;T3;MERMAID Reef Survey;;;;;;;;;;;;;;1086;2202;SGR
MB28-T3-22.JPG;12/13/2022;1208;T3;MERMAID Reef Survey;;;;;;;;;;;;;;1319;2469;SGR
MB28-T3-22.JPG;12/13/2022;1208;T3;MERMAID Reef Survey;;;;;;;;;;;;;;903;2716;SGR
MB28-T3-22.JPG;12/13/2022;1208;T3;MERMAID Reef Survey;;;;;;;;;;;;;;1840;106;SGR
MB28-T3-22.JPG;12/13/2022;1208;T3;MERMAID Reef Survey;;;;;;;;;;;;;;2072;1301;SGR
MB28-T3-22.JPG;12/13/2022;1208;T3;MERMAID Reef Survey;;;;;;;;;;;;;;1954;833;SGR
MB28-T3-22.JPG;12/13/2022;1208;T3;MERMAID Reef Survey;;;;;;;;;;;;;;1605;1294;SGR
MB28-T3-22.JPG;12/13/2022;1208;T3;MERMAID Reef Survey;;;;;;;;;;;;;;1506;1761;gon
MB28-T3-22.JPG;12/13/2022;1208;T3;MERMAID Reef Survey;;;;;;;;;;;;;;2107;2143;gop
MB28-T3-22.JPG;12/13/2022;1208;T3;MERMAID Reef Survey;;;;;;;;;;;;;;1634;3212;Gorg
MB28-T3-22.JPG;12/13/2022;1208;T3;MERMAID Reef Survey;;;;;;;;;;;;;;2135;110;gyr
MB28-T3-22.JPG;12/13/2022;1208;T3;MERMAID Reef Survey;;;;;;;;;;;;;;2835;1327;AHAL
MB28-T3-22.JPG;12/13/2022;1208;T3;MERMAID Reef Survey;;;;;;;;;;;;;;2733;2759;hal
MB28-T3-22.JPG;12/13/2022;1208;T3;MERMAID Reef Survey;;;;;;;;;;;;;;2187;3212;HC
MB28-T3-22.JPG;12/13/2022;1208;T3;MERMAID Reef Survey;;;;;;;;;;;;;;3176;37;hel
MB28-T3-22.JPG;12/13/2022;1208;T3;MERMAID Reef Survey;;;;;;;;;;;;;;3285;1262;her
MB28-T3-22.JPG;12/13/2022;1208;T3;MERMAID Reef Survey;;;;;;;;;;;;;;2937;780;hor
MB28-T3-22.JPG;12/13/2022;1208;T3;MERMAID Reef Survey;;;;;;;;;;;;;;3136;1138;hyd
MB28-T3-22.JPG;12/13/2022;1208;T3;MERMAID Reef Survey;;;;;;;;;;;;;;3468;1528;Hydr
MB28-T3-22.JPG;12/13/2022;1208;T3;MERMAID Reef Survey;;;;;;;;;;;;;;3204;2049;iso
MB28-T3-22.JPG;12/13/2022;1208;T3;MERMAID Reef Survey;;;;;;;;;;;;;;3512;3110;lep
MB28-T3-23.JPG;12/13/2022;1208;T3;MERMAID Reef Survey;;;;;;;;;;;;;;176;1246;porB
MB28-T3-23.JPG;12/13/2022;1208;T3;MERMAID Reef Survey;;;;;;;;;;;;;;300;1586;porB
MB28-T3-23.JPG;12/13/2022;1208;T3;MERMAID Reef Survey;;;;;;;;;;;;;;840;197;porB
MB28-T3-23.JPG;12/13/2022;1208;T3;MERMAID Reef Survey;;;;;;;;;;;;;;1172;199;porB
MB28-T3-23.JPG;12/13/2022;1208;T3;MERMAID Reef Survey;;;;;;;;;;;;;;944;366;porB
MB28-T3-23.JPG;12/13/2022;1208;T3;MERMAID Reef Survey;;;;;;;;;;;;;;996;1312;porB
MB28-T3-23.JPG;12/13/2022;1208;T3;MERMAID Reef Survey;;;;;;;;;;;;;;1305;837;porB
MB28-T3-23.JPG;12/13/2022;1208;T3;MERMAID Reef Survey;;;;;;;;;;;;;;902;2036;porB
MB28-T3-23.JPG;12/13/2022;1208;T3;MERMAID Reef Survey;;;;;;;;;;;;;;810;2016;porB
MB28-T3-23.JPG;12/13/2022;1208;T3;MERMAID Reef Survey;;;;;;;;;;;;;;1432;1135;porB
MB28-T3-23.JPG;12/13/2022;1208;T3;MERMAID Reef Survey;;;;;;;;;;;;;;1584;1698;porB
MB28-T3-23.JPG;12/13/2022;1208;T3;MERMAID Reef Survey;;;;;;;;;;;;;;1966;3042;porB
MB28-T3-23.JPG;12/13/2022;1208;T3;MERMAID Reef Survey;;;;;;;;;;;;;;2631;670;porB
MB28-T3-23.JPG;12/13/2022;1208;T3;MERMAID Reef Survey;;;;;;;;;;;;;;2629;1048;porB
MB28-T3-23.JPG;12/13/2022;1208;T3;MERMAID Reef Survey;;;;;;;;;;;;;;2359;1855;porB
MB28-T3-23.JPG;12/13/2022;1208;T3;MERMAID Reef Survey;;;;;;;;;;;;;;2169;1969;porB
MB28-T3-23.JPG;12/13/2022;1208;T3;MERMAID Reef Survey;;;;;;;;;;;;;;2145;2202;TWS
MB28-T3-23.JPG;12/13/2022;1208;T3;MERMAID Reef Survey;;;;;;;;;;;;;;2943;429;porB
MB28-T3-23.JPG;12/13/2022;1208;T3;MERMAID Reef Survey;;;;;;;;;;;;;;3124;344;porB
MB28-T3-23.JPG;12/13/2022;1208;T3;MERMAID Reef Survey;;;;;;;;;;;;;;2871;403;porB
MB28-T3-23.JPG;12/13/2022;1208;T3;MERMAID Reef Survey;;;;;;;;;;;;;;2873;882;porB
MB28-T3-23.JPG;12/13/2022;1208;T3;MERMAID Reef Survey;;;;;;;;;;;;;;3405;2109;SGR
MB28-T3-23.JPG;12/13/2022;1208;T3;MERMAID Reef Survey;;;;;;;;;;;;;;3352;1708;porB
MB28-T3-23.JPG;12/13/2022;1208;T3;MERMAID Reef Survey;;;;;;;;;;;;;;2864;3399;leo
MB28-T3-23.JPG;12/13/2022;1208;T3;MERMAID Reef Survey;;;;;;;;;;;;;;3294;3519;les
MB28-T3-24.JPG;12/13/2022;1208;T3;MERMAID Reef Survey;;;;;;;;;;;;;;132;1392;loc
MB28-T3-24.JPG;12/13/2022;1208;T3;MERMAID Reef Survey;;;;;;;;;;;;;;301;2451;lob
MB28-T3-24.JPG;12/13/2022;1208;T3;MERMAID Reef Survey;;;;;;;;;;;;;;908;1104;Lbp
MB28-T3-24.JPG;12/13/2022;1208;T3;MERMAID Reef Survey;;;;;;;;;;;;;;756;1493;AMAC
MB28-T3-24.JPG;12/13/2022;1208;T3;MERMAID Reef Survey;;;;;;;;;;;;;;1308;2179;mad
MB28-T3-24.JPG;12/13/2022;1208;T3;MERMAID Reef Survey;;;;;;;;;;;;;;1208;2588;mer
MB28-T3-24.JPG;12/13/2022;1208;T3;MERMAID Reef Survey;;;;;;;;;;;;;;763;2970;mic
MB28-T3-24.JPG;12/13/2022;1208;T3;MERMAID Reef Survey;;;;;;;;;;;;;;2018;1306;mil
MB28-T3-24.JPG;12/13/2022;1208;T3;MERMAID Reef Survey;;;;;;;;;;;;;;1657;908;Moll
MB28-T3-24.JPG;12/13/2022;1208;T3;MERMAID Reef Survey;;;;;;;;;;;;;;1667;1836;mon
MB28-T3-24.JPG;12/13/2022;1208;T3;MERMAID Reef Survey;;;;;;;;;;;;;;1601;2699;mtp
MB28-T3-24.JPG;12/13/2022;1208;T3;MERMAID Reef Survey;;;;;;;;;;;;;;2530;1447;myc
MB28-T3-24.JPG;12/13/2022;1208;T3;MERMAID Reef Survey;;;;;;;;;;;;;;2135;1868;nep
MB28-T3-24.JPG;12/13/2022;1208;T3;MERMAID Reef Survey;;;;;;;;;;;;;;2620;2768;OBS
MB28-T3-24.JPG;12/13/2022;1208;T3;MERMAID Reef Survey;;;;;;;;;;;;;;2397;2175;OT
MB28-T3-24.JPG;12/13/2022;1208;T3;MERMAID Reef Survey;;;;;;;;;;;;;;2297;2608;INV
MB28-T3-24.JPG;12/13/2022;1208;T3;MERMAID Reef Survey;;;;;;;;;;;;;;2686;2352;Ascd
MB28-T3-24.JPG;12/13/2022;1208;T3;MERMAID Reef Survey;;;;;;;;;;;;;;2743;3215;porM
MB28-T3-24.JPG;12/13/2022;1208;T3;MERMAID Reef Survey;;;;;;;;;;;;;;3065;572;SGR
MB28-T3-24.JPG;12/13/2022;1208;T3;MERMAID Reef Survey;;;;;;;;;;;;;;3516;1152;porM
MB28-T3-24.JPG;12/13/2022;1208;T3;MERMAID Reef Survey;;;;;;;;;;;;;;2873;1061;porM
MB28-T3-24.JPG;12/13/2022;1208;T3;MERMAID Reef Survey;;;;;;;;;;;;;;3178;2050;ous
MB28-T3-24.JPG;12/13/2022;1208;T3;MERMAID Reef Survey;;;;;;;;;;;;;;3148;1711;oul
MB28-T3-24.JPG;12/13/2022;1208;T3;MERMAID Reef Survey;;;;;;;;;;;;;;2847;2259;oxy
MB28-T3-24.JPG;12/13/2022;1208;T3;MERMAID Reef Survey;;;;;;;;;;;;;;3018;2878;pac
MB28-T3-25.JPG;12/13/2022;1208;T3;MERMAID Reef Survey;;;;;;;;;;;;;;146;105;paa
MB28-T3-25.JPG;12/13/2022;1208;T3;MERMAID Reef Survey;;;;;;;;;;;;;;30;99;par
MB28-T3-25.JPG;12/13/2022;1208;T3;MERMAID Reef Survey;;;;;;;;;;;;;;183;747;pav
MB28-T3-25.JPG;12/13/2022;1208;T3;MERMAID Reef Survey;;;;;;;;;;;;;;0;3258;pec
MB28-T3-25.JPG;12/13/2022;1208;T3;MERMAID Reef Survey;;;;;;;;;;;;;;1371;227;phy
MB28-T3-25.JPG;12/13/2022;1208;T3;MERMAID Reef Survey;;;;;;;;;;;;;;1416;242;pla
MB28-T3-25.JPG;12/13/2022;1208;T3;MERMAID Reef Survey;;;;;;;;;;;;;;974;1287;plg
MB28-T3-25.JPG;12/13/2022;1208;T3;MERMAID Reef Survey;;;;;;;;;;;;;;847;799;pls
MB28-T3-25.JPG;12/13/2022;1208;T3;MERMAID Reef Survey;;;;;;;;;;;;;;883;1980;poc
MB28-T3-25.JPG;12/13/2022;1208;T3;MERMAID Reef Survey;;;;;;;;;;;;;;2105;1273;pod
MB28-T3-25.JPG;12/13/2022;1208;T3;MERMAID Reef Survey;;;;;;;;;;;;;;1758;1978;pol
MB28-T3-25.JPG;12/13/2022;1208;T3;MERMAID Reef Survey;;;;;;;;;;;;;;2206;688;por
MB28-T3-25.JPG;12/13/2022;1208;T3;MERMAID Reef Survey;;;;;;;;;;;;;;2145;806;porB
MB28-T3-25.JPG;12/13/2022;1208;T3;MERMAID Reef Survey;;;;;;;;;;;;;;2634;1303;porM
MB28-T3-25.JPG;12/13/2022;1208;T3;MERMAID Reef Survey;;;;;;;;;;;;;;2228;1040;SGR
MB28-T3-25.JPG;12/13/2022;1208;T3;MERMAID Reef Survey;;;;;;;;;;;;;;2351;2530;SGR
MB28-T3-25.JPG;12/13/2022;1208;T3;MERMAID Reef Survey;;;;;;;;;;;;;;2607;2326;SGR
MB28-T3-25.JPG;12/13/2022;1208;T3;MERMAID Reef Survey;;;;;;;;;;;;;;2810;2206;SGR
MB28-T3-25.JPG;12/13/2022;1208;T3;MERMAID Reef Survey;;;;;;;;;;;;;;2776;3024;SGR
MB28-T3-25.JPG;12/13/2022;1208;T3;MERMAID Reef Survey;;;;;;;;;;;;;;3244;527;SGR
MB28-T3-25.JPG;12/13/2022;1208;T3;MERMAID Reef Survey;;;;;;;;;;;;;;3239;516;tra
MB28-T3-25.JPG;12/13/2022;1208;T3;MERMAID Reef Survey;;;;;;;;;;;;;;2867;475;tub
MB28-T3-25.JPG;12/13/2022;1208;T3;MERMAID Reef Survey;;;;;;;;;;;;;;3261;482;tup
MB28-T3-25.JPG;12/13/2022;1208;T3;MERMAID Reef Survey;;;;;;;;;;;;;;3410;2091;tur
MB28-T3-25.JPG;12/13/2022;1208;T3;MERMAID Reef Survey;;;;;;;;;;;;;;2861;2734;SGR